name,nameVSAC,oid,codeSystem,limitations,intention,provenance,codes,codes2
Cirrhosis or other liver disease,[VSAC] Cirrhosis or other liver disease,2.16.840.1.113762.1.4.1029.63,SNOMEDCT,Exclusion Criteria: Exlcude diagnosis codes for neonatal and juvenile liver diseases.,Clinical Focus: This set of values contains codes that identify patients with a diagnosis of cirrhosis or other liver disease.; Data Element Scope: This value set is developed for the diagnosis QDM datatype. It can potentially be used for other datatypes as well.; Inclusion Criteria: Include all diagnosis codes associated with cirrhosis or other liver disease.,"Steward: The Joint Commission; OID: 2.16.840.1.113762.1.4.1029.63; Code System(s): SNOMEDCT,ICD9CM,ICD10CM; Definition Type: Grouping; Definition Version: Latest; Accessed: 2022-01-19 15:02:03",10295004|103611000119102|1059007|10759111000119102|10759151000119101|10807061000119103|1087101000119109|1092801000119102|109559009|109819003|109820009|109841003|109842005|109843000|109844006|111331000|111369005|111371005|111386004|1116000|11179002|111879004|111891008|111892001|111896003|11350001|123603008|123604002|123605001|123606000|123607009|12368000|123716002|123717006|126851005|126852003|128241005|128302006|13265006|13630003|13891000|13923006|15151004|15230009|15999000|16069000|16070004|16763008|1691000119104|17349007|1761006|17681007|17890003|17920008|186273003|186395002|186624004|186626002|186628001|186639003|186698009|187062006|187068005|187093007|187197006|187767006|187769009|187773007|187776004|187777008|18917003|190944000|192008|19682006|197268000|197269008|197270009|197271008|197274000|197275004|197284004|197286002|197291001|197293003|197294009|197296006|197299004|197300007|197301006|197303009|197305002|197310003|197315008|197316009|197321007|197324004|197326002|197327006|197328001|197329009|197330004|197339003|197342009|197344005|197347003|197348008|197352008|197354009|197355005|197356006|197358007|197359004|197360009|197361008|197362001|197364000|197367007|197368002|199117000|199118005|199203001|19943007|20402005|204788008|204795004|204799005|206242003|206245001|206372007|20790006|20919000|210175000|213153001|213230009|213231008|21580006|21861000|22508003|2260001000004104|22846003|235856003|235858002|235859005|235862008|235863003|235864009|235865005|235866006|235867002|235869004|235873001|235874007|235875008|235876009|235877000|235878005|235880004|235881000|235884008|235885009|235886005|235887001|235888006|235889003|235890007|235895002|235896001|235897005|235898000|235899008|235900003|235901004|235903001|235906009|235909002|235910007|235911006|235912004|235915002|235925007|237041005|237042003|237043008|237964009|238056003|238057007|239104000|240729009|240789006|240790002|240791003|240792005|243978007|25102003|253017000|253018005|253333008|253807009|253810002|253811003|253812005|253813000|253814006|254601002|25554004|26103000|262795007|262796008|262797004|262798009|262799001|262801003|262802005|262803000|26485002|266468003|266469006|266470007|26975007|271440004|27156006|27235001|274902006|276551001|276552008|276554009|276723008|278527001|278929008|27916005|282429000|283979000|285613005|28698006|28766006|29291001|297288000|30102006|30188007|302919001|307133008|307757001|31005002|31155007|314963000|31712002|31742004|32194006|328383001|32891000|33144001|33167004|34286007|34736002|347891000119103|34798003|36155008|3650004|36631002|36760000|370489002|370490006|370492003|370889009|371067004|371139006|3738000|37666005|37688005|37871000|38306002|38662009|38739001|39400004|396460000|396461001|397575003|40028009|40210001|402479002|40444006|40468003|405542005|405559000|405564001|407000|408335007|408646000|40912001|409554001|41309000|413438002|41527003|41889008|419616000|419728003|420054005|421230000|424263008|424758008|425413006|426364002|427022004|427044009|427399008|427744002|431222008|431674004|432772009|432777003|432908002|435091000124105|435101000124104|43634002|43841005|43904005|44047000|442134007|442191002|442374005|442685003|444707001|44553005|446698005|447058001|447109003|447823004|447917005|447961000124105|448081001|448281007|448683002|448997008|449014008|449015009|449016005|449516003|45042004|450880008|45256007|48036004|48303008|4846001|4896000|50167007|50325005|50701000|50711007|51292008|53104002|53425008|53476006|536002|55056006|55294001|5667009|57339008|57412004|58008004|58275005|58282009|58994008|59229005|59927004|60037002|60498001|6075009|609454008|61164006|61250001|61598006|61860000|61977001|62216007|62484002|64638002|65324009|65617004|66071002|66789005|66870002|66937008|67656006|698862003|702399004|702969000|703866000|70668000|707167006|707341005|70737009|708198006|708248004|7111000119109|71215005|71728002|72445008|7265005|72925005|73146005|74162007|7425008|74669004|75119003|76281005|76301009|76783007|76795007|78171005|78208005|79031007|79552009|79607001|79720007|80515008|80660001|80770009|82385007|83072009|831000119103|83864008|84150000|85057007|85700008|85870004|86028001|86454000|86514004|87248009|88518009|89166001|89231008|8933000|89580002|89789003|89835009|90281006|90753004|91162000|92154006|92186001|92618006|92644006|92864004|92924002|93332007|93369005|93426003|93469006|93870000|94349006|94381002|94880005|94910002|95214007|95297004|9551004|95556007|95557003|95897009|97961000119108|9843006|9953008,
Cirrhosis or other liver disease,[VSAC] Cirrhosis or other liver disease,2.16.840.1.113762.1.4.1029.63,ICD9CM,Exclusion Criteria: Exlcude diagnosis codes for neonatal and juvenile liver diseases.,Clinical Focus: This set of values contains codes that identify patients with a diagnosis of cirrhosis or other liver disease.; Data Element Scope: This value set is developed for the diagnosis QDM datatype. It can potentially be used for other datatypes as well.; Inclusion Criteria: Include all diagnosis codes associated with cirrhosis or other liver disease.,"Steward: The Joint Commission; OID: 2.16.840.1.113762.1.4.1029.63; Code System(s): SNOMEDCT,ICD9CM,ICD10CM; Definition Type: Grouping; Definition Version: Latest; Accessed: 2022-01-19 15:02:03",570|571.0|571.1|571.2|571.3|571.40|571.41|571.42|571.49|571.5|571.6|571.8|571.9|572.0|572.1|572.2|572.3|572.4|572.8|573.0|573.1|573.2|573.3|573.4|573.5|573.8|573.9,
Cirrhosis or other liver disease,[VSAC] Cirrhosis or other liver disease,2.16.840.1.113762.1.4.1029.63,ICD10CM,Exclusion Criteria: Exlcude diagnosis codes for neonatal and juvenile liver diseases.,Clinical Focus: This set of values contains codes that identify patients with a diagnosis of cirrhosis or other liver disease.; Data Element Scope: This value set is developed for the diagnosis QDM datatype. It can potentially be used for other datatypes as well.; Inclusion Criteria: Include all diagnosis codes associated with cirrhosis or other liver disease.,"Steward: The Joint Commission; OID: 2.16.840.1.113762.1.4.1029.63; Code System(s): SNOMEDCT,ICD9CM,ICD10CM; Definition Type: Grouping; Definition Version: Latest; Accessed: 2022-01-19 15:02:03",K70.0|K70.10|K70.11|K70.2|K70.30|K70.31|K70.40|K70.41|K70.9|K71.0|K71.10|K71.11|K71.2|K71.3|K71.4|K71.50|K71.51|K71.6|K71.7|K71.8|K71.9|K72.00|K72.01|K72.10|K72.11|K72.90|K72.91|K73.0|K73.1|K73.2|K73.8|K73.9|K74.0|K74.1|K74.2|K74.3|K74.4|K74.5|K74.60|K74.69|K75.0|K75.1|K75.2|K75.3|K75.4|K75.81|K75.89|K75.9|K76.0|K76.1|K76.2|K76.3|K76.4|K76.5|K76.6|K76.7|K76.81|K76.89|K76.9|K77,
Active Bleeding,[VSAC] Active Bleeding,2.16.840.1.113762.1.4.1029.211,SNOMEDCT,Exclusion Criteria: Concepts that do not indicate a post operative hemorrhage.,Clinical Focus: This value set contains concepts that represent post operative hemorrhaging.; Data Element Scope: This value set may use Quality Data Model (QDM) category related to the finding category or diagnosis code. The intent of this data element is to identify patients with post operative hemorrhaging.; Inclusion Criteria: Includes only relevant concepts associated with post operative hemorrhaging.,"Steward: The Joint Commission; OID: 2.16.840.1.113762.1.4.1029.211; Code System(s): SNOMEDCT,ICD10CM; Definition Type: Grouping; Definition Version: Latest; Accessed: 2022-01-19 15:02:03",110265006|308895003|308896002|308897006|308898001|35101000119106|403691006|428782008|698584008|698585009|709424004,
Active Bleeding,[VSAC] Active Bleeding,2.16.840.1.113762.1.4.1029.211,ICD10CM,Exclusion Criteria: Concepts that do not indicate a post operative hemorrhage.,Clinical Focus: This value set contains concepts that represent post operative hemorrhaging.; Data Element Scope: This value set may use Quality Data Model (QDM) category related to the finding category or diagnosis code. The intent of this data element is to identify patients with post operative hemorrhaging.; Inclusion Criteria: Includes only relevant concepts associated with post operative hemorrhaging.,"Steward: The Joint Commission; OID: 2.16.840.1.113762.1.4.1029.211; Code System(s): SNOMEDCT,ICD10CM; Definition Type: Grouping; Definition Version: Latest; Accessed: 2022-01-19 15:02:03",D78.21|D78.22|E89.810|E89.811|G97.51|G97.52|I97.610|I97.611|I97.618|I97.620|J95.830|J95.831|K91.840|K91.841|L76.21|L76.22|M96.830|M96.831|N99.820|N99.821,
Blood Transfusion,[VSAC] Blood Transfusion,2.16.840.1.113762.1.4.1029.213,SNOMEDCT,Exclusion Criteria: No exclusions.,Clinical Focus: The purpose of this value set is to group procedures of blood transfusions.; Data Element Scope: This value set may use a model element related to procedure.; Inclusion Criteria: Includes concepts that represent procedures of a blood transfusion.,"Steward: The Joint Commission; OID: 2.16.840.1.113762.1.4.1029.213; Code System(s): SNOMEDCT,ICD10PCS; Definition Type: Grouping; Definition Version: Latest; Accessed: 2022-01-19 15:02:03",11397000|116863004|180206004|180207008|225284006|288170000|33389009|425513008|426290002|54790000|71493000,
Blood Transfusion,[VSAC] Blood Transfusion,2.16.840.1.113762.1.4.1029.213,ICD10PCS,Exclusion Criteria: No exclusions.,Clinical Focus: The purpose of this value set is to group procedures of blood transfusions.; Data Element Scope: This value set may use a model element related to procedure.; Inclusion Criteria: Includes concepts that represent procedures of a blood transfusion.,"Steward: The Joint Commission; OID: 2.16.840.1.113762.1.4.1029.213; Code System(s): SNOMEDCT,ICD10PCS; Definition Type: Grouping; Definition Version: Latest; Accessed: 2022-01-19 15:02:03",30233H0|30233H1|30233K0|30233K1|30233L0|30233L1|30233M0|30233M1|30233N0|30233N1|30233P0|30233P1|30233R0|30233R1|30233T0|30233T1|30243H0|30243H1|30243K0|30243K1|30243L0|30243L1|30243M0|30243M1|30243N0|30243N1|30243P0|30243P1|30243R0|30243R1|30243T0|30243T1,
Gestational Diabetes,[VSAC] Gestational Diabetes,2.16.840.1.113762.1.4.1029.269,SNOMEDCT,Exclusion Criteria: No exclusions.,Clinical Focus: The purpose of this value set is to group diagnoses of gestational diabetes.; Data Element Scope: This value set may use a model element related to diagnosis.; Inclusion Criteria: Includes concepts that identify a diagnosis of gestational diabetes.,"Steward: The Joint Commission; OID: 2.16.840.1.113762.1.4.1029.269; Code System(s): SNOMEDCT,ICD10CM; Definition Type: Grouping; Definition Version: Latest; Accessed: 2022-01-19 15:02:03",10753491000119101|11687002|40791000119105|40801000119106|46894009|75022004,
Gestational Diabetes,[VSAC] Gestational Diabetes,2.16.840.1.113762.1.4.1029.269,ICD10CM,Exclusion Criteria: No exclusions.,Clinical Focus: The purpose of this value set is to group diagnoses of gestational diabetes.; Data Element Scope: This value set may use a model element related to diagnosis.; Inclusion Criteria: Includes concepts that identify a diagnosis of gestational diabetes.,"Steward: The Joint Commission; OID: 2.16.840.1.113762.1.4.1029.269; Code System(s): SNOMEDCT,ICD10CM; Definition Type: Grouping; Definition Version: Latest; Accessed: 2022-01-19 15:02:03",O24.410|O24.414|O24.415|O24.419|O24.420|O24.424|O24.425|O24.429|O24.430|O24.434|O24.435|O24.439,
Bleeding Disorder,[VSAC] Bleeding Disorder,2.16.840.1.113762.1.4.1029.287,SNOMEDCT,Exclusion Criteria: No exclusions.,Clinical Focus: The purpose of this value set is to group diagnoses of a bleeding disorders.; Data Element Scope: This value set may use a model element related to diagnosis.; Inclusion Criteria: Includes concepts that identify a diagnosis of a bleeding disorder.,"Steward: The Joint Commission; OID: 2.16.840.1.113762.1.4.1029.287; Code System(s): SNOMEDCT,ICD10CM; Definition Type: Grouping; Definition Version: Latest; Accessed: 2022-01-19 15:02:03",105604006|12501008|128105004|128106003|128107007|128108002|128113003|128114009|128115005|1286003|13172003|13993001|14230004|15132005|154818001|1563006|16872008|16922007|180481005|181456001|18604004|1908008|191296000|191297009|191298004|19267009|19520006|2036003|234440005|234442002|234444001|234445000|234446004|234447008|234448003|234450006|234451005|234452003|234453008|234454002|234455001|234456000|234457009|234458004|234459007|234460002|234461003|234462005|234463000|234464006|234465007|234466008|234482009|234483004|234484005|234485006|234486007|234487003|24663001|25904003|26029002|267534000|267535004|27312002|278366008|278504009|282707003|28293008|2897005|302215000|302873008|307514008|307515009|307518006|31925001|323079008|33169001|33183004|33297000|33344008|33820001|35066007|35554008|35913006|359531004|359536009|359700009|359704000|359709005|359711001|359714009|359717002|359721009|359723007|359725000|359727008|359730001|359732009|36070007|36351005|371106008|37193007|373420004|37350004|37492005|3760002|38879000|402653004|402654005|403837005|40855001|41106001|41690001|417626001|41788008|41816006|425949001|426199009|4320005|43217004|438360006|438372000|438373005|438476003|438492008|438599002|438792009|438827002|439000005|439002002|439007008|439125003|439126002|439145006|439156006|439157002|439274008|439455002|439458000|439459008|439460003|439699000|439702007|440820004|440866009|440867000|440868005|440924009|440988005|440993008|441006000|441101007|441134009|441188004|441189007|441190003|441191004|441192006|45366001|45963004|46981006|47307007|48788004|48976006|49762007|50189006|52137009|54569005|58327003|60628003|61551003|61802005|63444004|6364000|64315007|64509006|64779008|65768009|66909001|6935003|69500007|711407000|712922002|715559004|716336002|716746003|71723006|717407006|717769007|719021005|720521008|721882001|722401001|722475006|73162004|73975000|75331009|76407009|76642003|78345002|80988005|81783000|82190001|84048006|85589009|86075001|86635005|87397002|87902006|88540000|88776002|89729000|90935002|9489006|95839005|95840007|95841006|95842004|95843009|95844003|95845002,
Bleeding Disorder,[VSAC] Bleeding Disorder,2.16.840.1.113762.1.4.1029.287,ICD10CM,Exclusion Criteria: No exclusions.,Clinical Focus: The purpose of this value set is to group diagnoses of a bleeding disorders.; Data Element Scope: This value set may use a model element related to diagnosis.; Inclusion Criteria: Includes concepts that identify a diagnosis of a bleeding disorder.,"Steward: The Joint Commission; OID: 2.16.840.1.113762.1.4.1029.287; Code System(s): SNOMEDCT,ICD10CM; Definition Type: Grouping; Definition Version: Latest; Accessed: 2022-01-19 15:02:03",D66|D67|D68.0|D68.1|D68.2|D68.311|D68.312|D68.318|D68.32|D68.4|D68.51|D68.52|D68.59|D68.61|D68.62|D68.69|D69.0|D69.1|D69.2|D69.3|D69.41|D69.42|D69.49|D69.51|D69.59|D69.6|D69.8|D69.9,
Bariatric Surgery,[VSAC] Bariatric Surgery,2.16.840.1.113762.1.4.1029.317,SNOMEDCT,Exclusion Criteria: No exclusions.,Clinical Focus: The purpose of this value set is to group diagnoses of bariatric surgery.; Data Element Scope: This value set may use a model element related to diagnosis.; Inclusion Criteria: Includes concepts that identify a diagnosis of a bariatric surgery.,"Steward: The Joint Commission; OID: 2.16.840.1.113762.1.4.1029.317; Code System(s): SNOMEDCT,ICD10CM; Definition Type: Grouping; Definition Version: Latest; Accessed: 2022-01-19 15:02:03",10742471000119108,
Bariatric Surgery,[VSAC] Bariatric Surgery,2.16.840.1.113762.1.4.1029.317,ICD10CM,Exclusion Criteria: No exclusions.,Clinical Focus: The purpose of this value set is to group diagnoses of bariatric surgery.; Data Element Scope: This value set may use a model element related to diagnosis.; Inclusion Criteria: Includes concepts that identify a diagnosis of a bariatric surgery.,"Steward: The Joint Commission; OID: 2.16.840.1.113762.1.4.1029.317; Code System(s): SNOMEDCT,ICD10CM; Definition Type: Grouping; Definition Version: Latest; Accessed: 2022-01-19 15:02:03",O99.840|O99.842|O99.843|O99.844|O99.845,
Anemia,[VSAC] Anemia,2.16.840.1.113762.1.4.1029.323,SNOMEDCT,Exclusion Criteria: No exclusions.,Clinical Focus: The purpose of this value set is to group diagnoses of anemia.; Data Element Scope: This value set may use a model element related to diagnosis.; Inclusion Criteria: Includes concepts that identify a diagnosis of an anemia.,"Steward: The Joint Commission; OID: 2.16.840.1.113762.1.4.1029.323; Code System(s): SNOMEDCT,ICD10CM; Definition Type: Grouping; Definition Version: Latest; Accessed: 2022-01-19 15:02:03",10205009|105599000|10564005|10619002|10759351000119103|10806241000119108|10812081000119108|109996008|109998009|110000005|111407006|111571009|111572002|111574001|111575000|111576004|111577008|111578003|111579006|111581008|11491000|11503009|115963009|11781007|119641000119103|119691000119106|119701000119106|12189000|12238007|127040003|127041004|127042006|127043001|127044007|127045008|127046009|127049002|127050002|127052005|127053000|127054006|127055007|127056008|127057004|127058009|127061005|12907000|129638002|14087004|14126008|14379009|14514008|15121005|15276008|15326009|15332004|16360009|16427007|16645003|1801000119106|18323000|18637002|18662002|189509003|191128004|191136008|191142007|191146005|191148006|191149003|191150003|191154007|191161006|191170009|191177007|191178002|191179005|191180008|191187006|191189009|191210005|191211009|191212002|191213007|191216004|191217008|191218003|191222008|191228007|191247005|191248000|191260004|191261000|191262007|191265009|191268006|19442009|1963002|199248002|21412009|21914002|22098000|22347002|22438006|22933009|23371004|234343008|234346000|234347009|234348004|234349007|234352004|234353009|234358000|234360003|234361004|234362006|234363001|234364007|234365008|234366009|234381003|234383000|234385007|234386008|234387004|234388009|234389001|234390005|234391009|237617006|237985009|240453002|24620004|24661004|24962009|24975009|25251008|25266006|25443007|26333003|26682008|267513007|267517008|267518003|267530009|269175006|2694001|26944003|27080008|271737000|27342004|27366005|276448005|27798002|278363000|28147001|2835000|286928002|290246007|291262006|29177004|29551000|300980002|301317008|30418008|30575002|307343001|307726001|309742004|310647000|31206006|313291009|31820007|32094009|322699009|323666000|32648007|3272007|328301000119102|32855007|33491002|33905008|34194007|34247008|34629009|34852006|34925000|35703006|3571004|35778001|360495000|363041004|36467003|36472007|36568005|36919001|371046004|371315009|37272000|373421000|373422007|37370005|38689004|387702001|387745008|38911009|389214003|38970002|39586009|3978000|398623004|398937006|40108008|40387008|413532003|413533008|413567003|413603009|41387000|41462006|415283002|415284008|41614006|416180004|417048006|41841004|420543008|421851008|42461002|42484009|424988008|428383000|43707008|44206008|44288006|44452003|444976001|44641000|44666001|447117006|44910003|45098004|46737006|46760003|47047009|47084006|47516005|47526003|47844003|4854004|48553001|48580008|49284006|4939006|49472006|49708008|4984008|50253007|51071000|51667002|52212006|52413004|52565000|5300004|5315003|53165003|5430006|54698001|55995005|5603006|56205004|59106005|59644002|5967006|5994005|60138009|60164003|60504009|60805002|61261009|61777009|62074008|62268000|62389006|62403005|62871001|6398009|65959000|66055002|66262001|66309005|6659005|66612000|67894009|68361004|68700003|68913001|691421000119108|69216008|69574002|69981004|703135009|707323002|707324008|707480001|711161006|713533000|715342005|715526002|716682000|717050005|717254007|717946000|717947009|717948004|718196002|71855000|719402008|720401009|720465002|721184003|721185002|721295000|722005000|722125003|722721004|72331000119105|72501006|73073009|73190000|73891003|74703006|74789008|75443009|75451007|76336008|76366001|77413008|77607006|77663007|78209002|78677008|78908001|78997000|79035003|79592006|80126007|80875006|80963002|81711008|82003006|82430007|82895008|82980005|83414005|84027009|84188003|85422000|85557000|85570009|85649008|85746008|862001|86225009|86242003|86325007|86448001|86715000|86859003|87522002|87806008|87810006|87994004|8857001|89459006|89810003|90175006|91217009|91411007|934007|9434008,
Anemia,[VSAC] Anemia,2.16.840.1.113762.1.4.1029.323,ICD10CM,Exclusion Criteria: No exclusions.,Clinical Focus: The purpose of this value set is to group diagnoses of anemia.; Data Element Scope: This value set may use a model element related to diagnosis.; Inclusion Criteria: Includes concepts that identify a diagnosis of an anemia.,"Steward: The Joint Commission; OID: 2.16.840.1.113762.1.4.1029.323; Code System(s): SNOMEDCT,ICD10CM; Definition Type: Grouping; Definition Version: Latest; Accessed: 2022-01-19 15:02:03",D50.0|D50.1|D50.8|D50.9|D55.0|D55.1|D55.2|D55.3|D55.8|D55.9|D56.0|D56.1|D56.2|D56.3|D56.4|D56.5|D56.8|D56.9|D57.1|D57.20|D57.3|D57.40|D57.80|D58.0|D58.1|D58.2|D58.8|D58.9|D59.0|D59.10|D59.11|D59.12|D59.13|D59.19|D59.2|D59.3|D59.4|D59.5|D59.6|D59.8|D59.9|D63.0|D63.1|D63.8|O99.011|O99.012|O99.013|O99.019|O99.02,
Gastrointestinal Disease,[VSAC] Gastrointestinal Disease,2.16.840.1.113762.1.4.1029.338,SNOMEDCT,Exclusion Criteria: No exclusions.,Clinical Focus: The purpose of this value set is to group diagnoses of gastrointestinal diseases.; Data Element Scope: This value set may use a model element related to diagnosis.; Inclusion Criteria: Includes concepts that identify a diagnosis of a gastrointestinal disease.,"Steward: The Joint Commission; OID: 2.16.840.1.113762.1.4.1029.338; Code System(s): SNOMEDCT,ICD10CM; Definition Type: Grouping; Definition Version: Latest; Accessed: 2022-01-19 15:02:03",10184002|10295004|103611000119102|105997008|10754781000119108|10759111000119102|10807061000119103|1084831000119100|1084841000119109|1084891000119101|1084901000119102|1084911000119104|1084931000119109|1084971000119107|1085131000119105|1085231000119100|1085751000119100|1085801000119106|1085851000119105|1085901000119101|1087101000119109|10877007|1092801000119102|1092841000119100|109819003|109820009|109841003|109842005|109843000|109844006|109847004|110995008|111331000|111369005|111371005|111372003|111373008|111386004|1116000|11179002|111879004|111891008|111896003|11350001|118926004|12203031000119103|123603008|123604002|123605001|123606000|123607009|123608004|12368000|123716002|123717006|126851005|126852003|126853008|126854002|126855001|126856000|126857009|126858004|127313006|128241005|128302006|128600008|1287007|12932003|129587006|13265006|134402008|13470001|13516000|1356007|13630003|138561000119104|13923006|14311001|145321000119108|15082003|1512006|15770003|15999000|16069000|16070004|16763008|1691000119104|16957005|1698001|17266006|17349007|1761006|17681007|17890003|17920008|17970006|18028001|186273003|186395002|186624004|186626002|186628001|186639003|186698009|187062006|187068005|187093007|187197006|187767006|187769009|187773007|187776004|187777008|187784000|187786003|188844000|188845004|188846003|18917003|189243008|189246000|189392000|189397006|190944000|192008|19286001|19335008|196578009|19682006|196977009|197268000|197269008|197270009|197271008|197274000|197275004|197284004|197286002|197291001|197293003|197294009|197296006|197299004|197300007|197301006|197303009|197305002|197310003|197315008|197316009|197321007|197324004|197326002|197327006|197328001|197329009|197330004|197339003|197342009|197344005|197347003|197348008|197352008|197354009|197355005|197356006|197358007|197359004|197360009|197361008|197362001|197364000|197367007|197368002|197377009|197378004|197389006|197402000|197410004|197416005|197418006|197419003|197422001|197426003|197432008|197433003|197438007|197439004|197441003|197442005|197446008|197453004|197456007|197458008|197460005|19943007|19968009|20239009|20306009|204781002|204782009|204788008|204795004|204797007|204798002|204799005|206372007|20824003|20919000|213111002|213153001|21861000|22149007|2260001000004104|22711000|22788004|22845004|234999001|235607002|235664007|235796008|235856003|235858002|235859005|235862008|235863003|235864009|235865005|235866006|235867002|235869004|235873001|235874007|235875008|235876009|235877000|235878005|235880004|235881000|235884008|235885009|235886005|235887001|235889003|235890007|235895002|235896001|235897005|235898000|235899008|235901004|235903001|235906009|235909002|235910007|235911006|235912004|235913009|235915002|235916001|235917005|235918000|235919008|235921003|235923000|235924006|235925007|235926008|235927004|235928009|235929001|235930006|235931005|235932003|235933008|235934002|235935001|235936000|235938004|235939007|235940009|235941008|235942001|235943006|235944000|235945004|235946003|235947007|235948002|235949005|235975009|235976005|237041005|237042003|237964009|238033007|238035000|238056003|238057007|240729009|240789006|240790002|240791003|240792005|240864009|243978007|25102003|253017000|253018005|253333008|25345001|253804002|253806000|253807009|253808004|253809007|253810002|253811003|253812005|253813000|253814006|254601002|254609000|255064003|255086002|255087006|255174002|255175001|25924004|26103000|262796008|262797004|262798009|262801003|262808009|262814002|26485002|266468003|266469006|266470007|266471006|266474003|26874005|26918003|26975007|27123005|271440004|27156006|27235001|274902006|276551001|276552008|276554009|276723008|276852004|27697003|277537008|278527001|278535003|278929008|27916005|281095009|28132005|281388009|285613005|28698006|287326003|28766006|289999003|29291001|29484002|297288000|30093007|30102006|30144000|30188007|302919001|307000000|307132003|307133008|307295007|307757001|308861002|308862009|308863004|308864005|308888007|31155007|312104005|312110005|314945000|314947008|314949006|314962005|314963000|31712002|31742004|318191000009109|32038009|32067005|32194006|328383001|32891000|33144001|33167004|34000006|34286007|34346002|34736002|347891000119103|35571009|359793002|359797001|36155008|363353009|363415003|363416002|363417006|36483003|3650004|36619004|36760000|370489002|370490006|370492003|370889009|371067004|371090009|371139006|371967001|371970002|372101000|372139008|372140005|3738000|37439003|37666005|37688005|37871000|37976006|38106008|3815005|38662009|38712009|38739001|39170005|39621005|396335001|396460000|396461001|397172008|397173003|397575003|397868007|398197009|399525009|399691000|40028009|40210001|402479002|40331000119107|40468003|405542005|405559000|405564001|405590003|407000|408335007|408646000|40912001|409554001|410484008|410485009|41271000119108|41309000|413197000|413276006|413438002|414153008|414154002|414156000|41527003|41889008|419616000|419728003|420054005|421230000|424091006|424263008|424758008|425413006|426364002|426549001|427022004|427044009|427380004|427399008|427744002|4283007|43030007|430887001|431222008|432772009|432777003|432908002|435091000124105|435101000124104|435121000124109|435131000124107|435161000124103|43634002|43797002|43823002|43904005|4399003|44018007|44047000|440471007|441285006|441971007|442134007|442159003|442191002|442374005|442685003|444546002|444548001|444707001|445243001|44553005|446189008|446615009|446673009|446698005|446807009|447058001|447109003|447325001|447416008|447823004|447917005|447961000124105|448081001|448281007|448286002|448683002|448997008|449014008|449015009|449016005|449516003|449805002|45019006|45042004|450880008|45256007|46341007|4661003|46907007|4711003|47312008|473281000|47932002|48036004|48124008|48413001|4846001|4896000|49341008|49714001|50167007|50325005|50440006|50450007|50701000|50711007|51038004|51292008|51854002|52506002|53104002|53192009|53206008|53425008|53476006|536002|53928001|54366004|55056006|55294001|55479002|56013008|56287005|56512009|5667009|56689002|57339008|57412004|58008004|58275005|58282009|589157321000132102|58994008|59049008|59192001|59229005|59612001|59771005|59848001|59927004|60037002|60127009|6075009|6087002|61164006|61250001|61424003|61565001|61598006|6183001|61860000|61977001|6215006|62188005|62216007|62484002|62809003|63246000|64534006|64664008|64766004|65001009|65018008|65082000|65275009|65617004|65860006|66071002|66367009|66556007|66789005|66870002|66929000|66937008|67600007|67656006|67968004|68094008|68368005|68394001|68601009|697965002|697969008|69850007|699050007|699189004|700463002|702399004|702712006|702969000|70342003|703866000|70622003|70668000|707167006|707341005|70737009|708198006|708248004|71009001|7111000119109|711564007|71215005|713181003|713370005|713510001|713529007|713654004|713698004|713966008|714253009|715140008|715397000|715401008|715577009|715864007|716196007|716203000|716648006|716652006|717047007|717156002|717187000|717232005|71728002|717329009|71745007|71801004|718309005|71833008|71912000|719452004|719454003|720394008|72053008|720636001|721558004|721559007|721588008|721652009|721678000|721702009|721710005|721711009|721712002|721713007|721715000|721716004|721717008|721718003|721719006|721720000|721721001|721722008|721723003|721847002|722850002|722864002|722865001|722866000|722868004|722869007|722870008|722882004|722883009|723108006|72445008|72533002|7265005|7290007|72925005|73125001|73146005|73479003|74091007|74162007|7425008|74434009|74669004|75066002|75119003|7538002|75726005|7620006|76281005|76301009|76581006|76783007|76795007|76875008|77480004|77528005|77972001|78208005|78324009|78372005|78560000|78712000|78754002|78793006|7881005|78900008|79031007|79552009|79607001|79720007|80515008|80527006|80660001|80700005|80770009|81115009|8161000119106|82385007|82403002|8262006|82821008|83072009|831000119103|83864008|84150000|84233008|85057007|85700008|86028001|86454000|86507001|86514004|87248009|87541004|87551003|88518009|89166001|89231008|89251007|8933000|89580002|89628003|89789003|89835009|90281006|90549003|90753004|90782003|91316003|91390005|91844006|91970006|91991003|92067007|92075001|92096008|92117002|92154006|92186001|92530007|92545000|92570000|92574009|92589000|92599005|92618006|92644006|92864004|92885004|92913004|92924002|93039007|93259002|93324004|93332007|93369005|93426003|93469006|93763008|93770008|93870000|94164003|94185003|94262007|94270002|94291005|94312000|94349006|94381002|94733007|94803009|94810003|94830004|9484001|94850000|94880005|94910002|95214007|95297004|9541000119105|9551004|95556007|95557003|95558008|95559000|95560005|95561009|95897009|96081000119101|97961000119108|9843006|9953008,
Gastrointestinal Disease,[VSAC] Gastrointestinal Disease,2.16.840.1.113762.1.4.1029.338,ICD10CM,Exclusion Criteria: No exclusions.,Clinical Focus: The purpose of this value set is to group diagnoses of gastrointestinal diseases.; Data Element Scope: This value set may use a model element related to diagnosis.; Inclusion Criteria: Includes concepts that identify a diagnosis of a gastrointestinal disease.,"Steward: The Joint Commission; OID: 2.16.840.1.113762.1.4.1029.338; Code System(s): SNOMEDCT,ICD10CM; Definition Type: Grouping; Definition Version: Latest; Accessed: 2022-01-19 15:02:03",K50.00|K50.011|K50.012|K50.013|K50.014|K50.018|K50.019|K50.10|K50.111|K50.112|K50.113|K50.114|K50.118|K50.119|K50.80|K50.811|K50.812|K50.813|K50.814|K50.818|K50.819|K50.90|K50.911|K50.912|K50.913|K50.914|K50.918|K50.919|K51.00|K51.011|K51.012|K51.013|K51.014|K51.018|K51.019|K51.20|K51.211|K51.212|K51.213|K51.214|K51.218|K51.219|K51.30|K51.311|K51.312|K51.313|K51.314|K51.318|K51.319|K51.40|K51.411|K51.412|K51.413|K51.414|K51.418|K51.419|K51.50|K51.511|K51.512|K51.513|K51.514|K51.518|K51.519|K51.80|K51.811|K51.812|K51.813|K51.814|K51.818|K51.819|K51.90|K51.911|K51.912|K51.913|K51.914|K51.918|K51.919|K52.0|K52.1|K52.21|K52.22|K52.29|K52.3|K52.81|K52.82|K52.831|K52.832|K52.838|K52.839|K52.89|K52.9|K70.0|K70.10|K70.11|K70.2|K70.30|K70.31|K70.40|K70.41|K70.9|K71.0|K71.10|K71.11|K71.2|K71.3|K71.4|K71.50|K71.51|K71.6|K71.7|K71.8|K71.9|K72.00|K72.01|K72.10|K72.11|K72.90|K72.91|K73.0|K73.1|K73.2|K73.8|K73.9|K74.00|K74.01|K74.02|K74.1|K74.2|K74.3|K74.4|K74.5|K74.60|K74.69|K75.0|K75.1|K75.2|K75.3|K75.4|K75.81|K75.89|K75.9|K76.0|K76.1|K76.2|K76.3|K76.4|K76.5|K76.6|K76.7|K76.81|K76.89|K76.9|K77|K80.00|K80.01|K80.10|K80.11|K80.12|K80.13|K80.18|K80.19|K80.20|K80.21|K80.30|K80.31|K80.32|K80.33|K80.34|K80.35|K80.36|K80.37|K80.40|K80.41|K80.42|K80.43|K80.44|K80.45|K80.46|K80.47|K80.50|K80.51|K80.60|K80.61|K80.62|K80.63|K80.64|K80.65|K80.66|K80.67|K80.70|K80.71|K80.80|K80.81|K81.0|K81.1|K81.2|K81.9|K82.0|K82.1|K82.2|K82.3|K82.4|K82.8|K82.9|K82.A1|K82.A2|K83.01|K83.09|K83.1|K83.2|K83.3|K83.4|K83.5|K83.8|K83.9|K85.00|K85.01|K85.02|K85.10|K85.11|K85.12|K85.20|K85.21|K85.22|K85.30|K85.31|K85.32|K85.80|K85.81|K85.82|K85.90|K85.91|K85.92|K86.0|K86.1|K86.2|K86.3|K86.81|K86.89|K86.9|K87|K94.00|K94.01|K94.02|K94.03|K94.09|K94.10|K94.11|K94.12|K94.13|K94.19|K94.20|K94.21|K94.22|K94.23|K94.29|K94.30|K94.31|K94.32|K94.33|K94.39|K95.01|K95.09|K95.81|K95.89|O26.611|O26.612|O26.613|O26.619|O26.62|O26.63,
Long Term Anticoagulant Use,[VSAC] Long Term Anticoagulant Use,2.16.840.1.113762.1.4.1029.366,SNOMEDCT,Exclusion Criteria: Excludes concepts of a diagnosis of short term use or history of anticoagulants.,Clinical Focus: The purpose of this value set is to group diagnoses for long term use of anticoagulants.; Data Element Scope: This value set may use a model element related to diagnosis.; Inclusion Criteria: Includes concepts that identify a diagnosis for current long term use of anticoagulants.,"Steward: The Joint Commission; OID: 2.16.840.1.113762.1.4.1029.366; Code System(s): SNOMEDCT,ICD10CM; Definition Type: Grouping; Definition Version: Latest; Accessed: 2022-01-19 15:02:03",711150003,
Long Term Anticoagulant Use,[VSAC] Long Term Anticoagulant Use,2.16.840.1.113762.1.4.1029.366,ICD10CM,Exclusion Criteria: Excludes concepts of a diagnosis of short term use or history of anticoagulants.,Clinical Focus: The purpose of this value set is to group diagnoses for long term use of anticoagulants.; Data Element Scope: This value set may use a model element related to diagnosis.; Inclusion Criteria: Includes concepts that identify a diagnosis for current long term use of anticoagulants.,"Steward: The Joint Commission; OID: 2.16.840.1.113762.1.4.1029.366; Code System(s): SNOMEDCT,ICD10CM; Definition Type: Grouping; Definition Version: Latest; Accessed: 2022-01-19 15:02:03",Z79.01,
Antithrombotic Therapy_Antiplatelet,[VSAC] Antithrombotic Therapy_Antiplatelet,2.16.840.1.113762.1.4.1110.61,RXNORM,Exclusion Criteria: Excludes concepts that represent enoxaparin and heparin generally given for VTE prophylaxis.,"Clinical Focus: The purpose of this value set is to represent concepts of medications that are antiplatelet medications used to reduce stroke mortality and morbidity.; Data Element Scope: This value set may use a model element related to Medication.; Inclusion Criteria: Includes concepts that represent a medication that is an antithrombotic medication, including oral, rectal, and injectable dose forms.",Steward: The Joint Commission; OID: 2.16.840.1.113762.1.4.1110.61; Code System(s): RXNORM; Definition Type: Extensional; Definition Version: Latest; Accessed: 2022-01-19 15:02:03,1092398|1250907|1536467|1536498|1536503|1536675|1536815|1536833|1536840|1537029|1593110|1665356|1722689|1730187|1811631|1811632|198464|198467|198471|198473|198475|198479|198480|212033|243694|259081|308278|308297|308363|308409|308411|308416|308417|318272|359221|432638|692836|702316|763111|763116|827318|900528|994430|994435|994528|994535,
Antithrombotic Therapy,[VSAC] Antithrombotic Therapy,2.16.840.1.113762.1.4.1110.62,RXNORM,Exclusion Criteria: Excludes concepts that represent enoxaparin and heparin generally given for VTE prophylaxis.,"Clinical Focus: The purpose of this value set is to represent concepts of medications that are anticoagulant and antiplatelet medications used to reduce stroke mortality and morbidity.; Data Element Scope: This value set may use a model element related to Medication.; Inclusion Criteria: Includes concepts that represent a medication that is an antithrombotic medication, including oral, rectal, and injectable dose forms.",Steward: The Joint Commission; OID: 2.16.840.1.113762.1.4.1110.62; Code System(s): RXNORM; Definition Type: Grouping; Definition Version: Latest; Accessed: 2022-01-19 15:02:03,1037045|1037179|1092398|1114198|1232082|1232086|1250907|1361574|1364435|1364445|1536467|1536498|1536503|1536675|1536815|1536833|1536840|1537029|1549682|1593110|1599543|1599551|1599555|1658717|1659195|1659197|1665356|1722689|1723476|1730187|1804735|1804737|1804738|1811631|1811632|198464|198467|198471|198473|198475|198479|198480|1992427|2059015|212033|243694|259081|308278|308297|308351|308363|308409|308411|308416|308417|309362|313406|318272|359221|432638|692836|702316|749196|763111|763116|827318|854228|854235|854238|854241|854245|854248|854252|854255|855288|855296|855302|855312|855318|855324|855332|855338|855344|861356|861360|861363|861365|900528|978725|978733|978736|978740|978744|978746|978755|978759|978777|994430|994435|994528|994535,
Anticoagulant Therapy,[VSAC] Anticoagulant Therapy,2.16.840.1.113883.3.117.1.7.1.200,RXNORM,Exclusion Criteria: Excludes concepts that represent enoxaparin and heparin generally given for VTE prophylaxis.,Clinical Focus: The purpose of this value set is to represent concepts for medications prescribed at hospital discharge for anticoagulant therapy for patients following acute ischemic stroke.; Data Element Scope: This value set may use a model element related to Medication.; Inclusion Criteria: Includes concepts that represent a medication for oral and injectable drug forms of anticoagulants.,Steward: The Joint Commission; OID: 2.16.840.1.113883.3.117.1.7.1.200; Code System(s): RXNORM; Definition Type: Extensional; Definition Version: Latest; Accessed: 2022-01-19 15:02:03,1037045|1037179|1114198|1232082|1232086|1361574|1361615|1364435|1364445|1549682|1599543|1599551|1599555|1658717|1659195|1659197|1723476|1804735|1804737|1804738|1992427|2059015|308351|854238|854241|854245|854248|854252|854255|855288|855296|855302|855312|855318|855324|855332|855338|855344|861356|861360|861363|861365|978725|978733|978736|978740|978744|978746|978755|978759|978777,
Antithrombotic Therapy_Anticoagulant,[VSAC] Antithrombotic Therapy_Anticoagulant,2.16.840.1.113883.3.117.1.7.1.201,RXNORM,Exclusion Criteria: Excludes concepts that represent enoxaparin and heparin generally given for VTE prophylaxis.,"Clinical Focus: The purpose of this value set is to represent concepts of medications that are anticoagulant medications used to reduce stroke mortality and morbidity.; Data Element Scope: This value set may use a model element related to Medication.; Inclusion Criteria: Includes concepts that represent a medication that is an antithrombotic medication, including oral, rectal, and injectable dose forms.",Steward: The Joint Commission; OID: 2.16.840.1.113883.3.117.1.7.1.201; Code System(s): RXNORM; Definition Type: Extensional; Definition Version: Latest; Accessed: 2022-01-19 15:02:03,1037045|1037179|1114198|1232082|1232086|1361574|1364435|1364445|1549682|1599543|1599551|1599555|1658717|1659195|1659197|1723476|1804735|1804737|1804738|1992427|2059015|308351|309362|313406|749196|854228|854235|854238|854241|854245|854248|854252|854255|855288|855296|855302|855312|855318|855324|855332|855338|855344|861356|861360|861363|861365|978725|978733|978736|978740|978744|978746|978755|978759|978777,
Atrial Fibrillation/Flutter,[VSAC] Atrial Fibrillation/Flutter,2.16.840.1.113883.3.117.1.7.1.202,SNOMEDCT,Exclusion Criteria: No exclusions.,Clinical Focus: The purpose of this value set is to represent concepts of diagnoses to identify patients with a history of atrial fibrillation/flutter or a current finding of atrial fibrillation/flutter.; Data Element Scope: This value set may use a model element related to Diagnosis.; Inclusion Criteria: Includes concepts that identify a diagnosis of a history of atrial fibrillation/flutter or a current finding of atrial fibrillation/flutter.,"Steward: The Joint Commission; OID: 2.16.840.1.113883.3.117.1.7.1.202; Code System(s): SNOMEDCT,ICD9CM,ICD10CM; Definition Type: Grouping; Definition Version: Latest; Accessed: 2022-01-19 15:02:03",120041000119109|15964901000119107|195080001|233910005|233911009|282825002|300996004|314208002|425615007|426749004|426814001|427665004|440028005|440059007|49436004|5370000|706923002|715395008|720448006,
Atrial Fibrillation/Flutter,[VSAC] Atrial Fibrillation/Flutter,2.16.840.1.113883.3.117.1.7.1.202,ICD9CM,Exclusion Criteria: No exclusions.,Clinical Focus: The purpose of this value set is to represent concepts of diagnoses to identify patients with a history of atrial fibrillation/flutter or a current finding of atrial fibrillation/flutter.; Data Element Scope: This value set may use a model element related to Diagnosis.; Inclusion Criteria: Includes concepts that identify a diagnosis of a history of atrial fibrillation/flutter or a current finding of atrial fibrillation/flutter.,"Steward: The Joint Commission; OID: 2.16.840.1.113883.3.117.1.7.1.202; Code System(s): SNOMEDCT,ICD9CM,ICD10CM; Definition Type: Grouping; Definition Version: Latest; Accessed: 2022-01-19 15:02:03",427.31|427.32,
Atrial Fibrillation/Flutter,[VSAC] Atrial Fibrillation/Flutter,2.16.840.1.113883.3.117.1.7.1.202,ICD10CM,Exclusion Criteria: No exclusions.,Clinical Focus: The purpose of this value set is to represent concepts of diagnoses to identify patients with a history of atrial fibrillation/flutter or a current finding of atrial fibrillation/flutter.; Data Element Scope: This value set may use a model element related to Diagnosis.; Inclusion Criteria: Includes concepts that identify a diagnosis of a history of atrial fibrillation/flutter or a current finding of atrial fibrillation/flutter.,"Steward: The Joint Commission; OID: 2.16.840.1.113883.3.117.1.7.1.202; Code System(s): SNOMEDCT,ICD9CM,ICD10CM; Definition Type: Grouping; Definition Version: Latest; Accessed: 2022-01-19 15:02:03",I48.0|I48.11|I48.19|I48.20|I48.21|I48.3|I48.4|I48.91|I48.92,
Hemorrhagic Stroke,[VSAC] Hemorrhagic Stroke,2.16.840.1.113883.3.117.1.7.1.212,SNOMEDCT,Exclusion Criteria: No exclusions.,Clinical Focus: The purpose of this value set is to identify concepts for diagnoses of hemorrhagic stroke.; Data Element Scope: This value set may use a model element related to Diagnosis.; Inclusion Criteria: Includes concepts that represent a diagnosis of hemorrhagic stroke.,"Steward: The Joint Commission; OID: 2.16.840.1.113883.3.117.1.7.1.212; Code System(s): SNOMEDCT,ICD10CM; Definition Type: Grouping; Definition Version: Latest; Accessed: 2022-01-19 15:02:03",195155004|195160000|195165005|195167002|195168007|195169004|20908003|230706003|230707007|230708002|230709005|230710000|230711001|230712008|23276006|270907008|274100004|276277008|276278003|276280009|276281008|276282001|276283006|276284000|276285004|276286003|276722003|28318001|42429001|425957003|449020009|49422009|52201006|73020009|75038005|7713009|95454007,
Hemorrhagic Stroke,[VSAC] Hemorrhagic Stroke,2.16.840.1.113883.3.117.1.7.1.212,ICD10CM,Exclusion Criteria: No exclusions.,Clinical Focus: The purpose of this value set is to identify concepts for diagnoses of hemorrhagic stroke.; Data Element Scope: This value set may use a model element related to Diagnosis.; Inclusion Criteria: Includes concepts that represent a diagnosis of hemorrhagic stroke.,"Steward: The Joint Commission; OID: 2.16.840.1.113883.3.117.1.7.1.212; Code System(s): SNOMEDCT,ICD10CM; Definition Type: Grouping; Definition Version: Latest; Accessed: 2022-01-19 15:02:03",I60.00|I60.01|I60.02|I60.10|I60.11|I60.12|I60.2|I60.30|I60.31|I60.32|I60.4|I60.50|I60.51|I60.52|I60.6|I60.7|I60.8|I60.9|I61.0|I61.1|I61.2|I61.3|I61.4|I61.5|I61.6|I61.8|I61.9,
General Surgery,[VSAC] General Surgery,2.16.840.1.113883.3.117.1.7.1.255,ICD10PCS,Exclusion Criteria: No exclusions.,"Clinical Focus: The purpose of this value set is to represent concepts of procedures for thoracic and abdominal general surgery procedures, except for cardiac procedures.; Data Element Scope: This value set may use a model element related to Procedure.; Inclusion Criteria: Includes concepts that represent a procedure for thoracic and abdominal general surgery, except for cardiac procedures.","Steward: The Joint Commission; OID: 2.16.840.1.113883.3.117.1.7.1.255; Code System(s): ICD10PCS,SNOMEDCT; Definition Type: Grouping; Definition Version: Latest; Accessed: 2022-01-19 15:02:03",008Q0ZZ|06L20ZZ|07JP0ZZ|07TP0ZZ|0BDN0ZX|0BDN0ZZ|0BDP0ZX|0BDP0ZZ|0BPT00Z|0BPT02Z|0BPT07Z|0BPT0JZ|0BPT0KZ|0BPT0MZ|0BPT70Z|0BPT72Z|0BPT77Z|0BPT7JZ|0BPT7KZ|0BPT7MZ|0BPT80Z|0BPT82Z|0BPT87Z|0BPT8JZ|0BPT8KZ|0BPT8MZ|0BTC0ZZ|0BTD0ZZ|0BTF0ZZ|0BTG0ZZ|0BTH0ZZ|0BTJ0ZZ|0BTK0ZZ|0BTL0ZZ|0BTM0ZZ|0BWT00Z|0BWT02Z|0BWT07Z|0BWT0JZ|0BWT0KZ|0BWT0MZ|0BWT70Z|0BWT72Z|0BWT77Z|0BWT7JZ|0BWT7KZ|0BWT7MZ|0BWT80Z|0BWT82Z|0BWT87Z|0BWT8JZ|0BWT8KZ|0BWT8MZ|0D11074|0D11076|0D11079|0D1107A|0D1107B|0D110J4|0D110J6|0D110J9|0D110JA|0D110JB|0D110K4|0D110K6|0D110K9|0D110KA|0D110KB|0D110Z4|0D110Z6|0D110Z9|0D110ZA|0D110ZB|0D11874|0D11876|0D11879|0D1187A|0D1187B|0D118J4|0D118J6|0D118J9|0D118JA|0D118JB|0D118K4|0D118K6|0D118K9|0D118KA|0D118KB|0D118Z4|0D118Z6|0D118Z9|0D118ZA|0D118ZB|0D12074|0D12076|0D12079|0D1207A|0D1207B|0D120J4|0D120J6|0D120J9|0D120JA|0D120JB|0D120K4|0D120K6|0D120K9|0D120KA|0D120KB|0D120Z4|0D120Z6|0D120Z9|0D120ZA|0D120ZB|0D12874|0D12876|0D12879|0D1287A|0D1287B|0D128J4|0D128J6|0D128J9|0D128JA|0D128JB|0D128K4|0D128K6|0D128K9|0D128KA|0D128KB|0D128Z4|0D128Z6|0D128Z9|0D128ZA|0D128ZB|0D13074|0D13076|0D13079|0D1307A|0D1307B|0D130J4|0D130J6|0D130J9|0D130JA|0D130JB|0D130K4|0D130K6|0D130K9|0D130KA|0D130KB|0D130Z4|0D130Z6|0D130Z9|0D130ZA|0D130ZB|0D13874|0D13876|0D13879|0D1387A|0D1387B|0D138J4|0D138J6|0D138J9|0D138JA|0D138JB|0D138K4|0D138K6|0D138K9|0D138KA|0D138KB|0D138Z4|0D138Z6|0D138Z9|0D138ZA|0D138ZB|0D15074|0D15076|0D15079|0D1507A|0D1507B|0D150J4|0D150J6|0D150J9|0D150JA|0D150JB|0D150K4|0D150K6|0D150K9|0D150KA|0D150KB|0D150Z4|0D150Z6|0D150Z9|0D150ZA|0D150ZB|0D15874|0D15876|0D15879|0D1587A|0D1587B|0D158J4|0D158J6|0D158J9|0D158JA|0D158JB|0D158K4|0D158K6|0D158K9|0D158KA|0D158KB|0D158Z4|0D158Z6|0D158Z9|0D158ZA|0D158ZB|0D16074|0D16079|0D1607A|0D1607B|0D1607L|0D160J4|0D160J9|0D160JA|0D160JB|0D160JL|0D160K4|0D160K9|0D160KA|0D160KB|0D160KL|0D160Z4|0D160Z9|0D160ZA|0D160ZB|0D160ZL|0D16874|0D16879|0D1687A|0D1687B|0D1687L|0D168J9|0D168JA|0D168JB|0D168JL|0D168K9|0D168KA|0D168KB|0D168KL|0D168Z9|0D168ZA|0D168ZB|0D168ZL|0D19074|0D19079|0D1907A|0D1907B|0D1907L|0D190J4|0D190J9|0D190JA|0D190JB|0D190JL|0D190K4|0D190K9|0D190KA|0D190KB|0D190KL|0D190Z4|0D190Z9|0D190ZA|0D190ZB|0D190ZL|0D19874|0D19879|0D1987A|0D1987B|0D1987L|0D198J4|0D198J9|0D198JA|0D198JB|0D198JL|0D198K4|0D198K9|0D198KA|0D198KB|0D198KL|0D198Z4|0D198Z9|0D198ZA|0D198ZB|0D198ZL|0D1A074|0D1A07A|0D1A07B|0D1A07H|0D1A07K|0D1A07L|0D1A07M|0D1A07N|0D1A07P|0D1A07Q|0D1A0J4|0D1A0JA|0D1A0JB|0D1A0JH|0D1A0JK|0D1A0JL|0D1A0JM|0D1A0JN|0D1A0JP|0D1A0JQ|0D1A0K4|0D1A0KA|0D1A0KB|0D1A0KH|0D1A0KK|0D1A0KL|0D1A0KM|0D1A0KN|0D1A0KP|0D1A0KQ|0D1A0Z4|0D1A0ZA|0D1A0ZB|0D1A0ZH|0D1A0ZK|0D1A0ZL|0D1A0ZM|0D1A0ZN|0D1A0ZP|0D1A0ZQ|0D1A874|0D1A87A|0D1A87B|0D1A87H|0D1A87K|0D1A87L|0D1A87M|0D1A87N|0D1A87P|0D1A87Q|0D1A8J4|0D1A8JA|0D1A8JB|0D1A8JH|0D1A8JK|0D1A8JL|0D1A8JM|0D1A8JN|0D1A8JP|0D1A8JQ|0D1A8K4|0D1A8KA|0D1A8KB|0D1A8KH|0D1A8KK|0D1A8KL|0D1A8KM|0D1A8KN|0D1A8KP|0D1A8KQ|0D1A8Z4|0D1A8ZA|0D1A8ZB|0D1A8ZH|0D1A8ZK|0D1A8ZL|0D1A8ZM|0D1A8ZN|0D1A8ZP|0D1A8ZQ|0D1B074|0D1B07B|0D1B07H|0D1B07K|0D1B07L|0D1B07M|0D1B07N|0D1B07P|0D1B07Q|0D1B0J4|0D1B0JB|0D1B0JH|0D1B0JK|0D1B0JL|0D1B0JM|0D1B0JN|0D1B0JP|0D1B0JQ|0D1B0K4|0D1B0KB|0D1B0KH|0D1B0KK|0D1B0KL|0D1B0KM|0D1B0KN|0D1B0KP|0D1B0KQ|0D1B0Z4|0D1B0ZB|0D1B0ZH|0D1B0ZK|0D1B0ZL|0D1B0ZM|0D1B0ZN|0D1B0ZP|0D1B0ZQ|0D1B874|0D1B87B|0D1B87H|0D1B87K|0D1B87L|0D1B87M|0D1B87N|0D1B87P|0D1B87Q|0D1B8J4|0D1B8JB|0D1B8JH|0D1B8JK|0D1B8JL|0D1B8JM|0D1B8JN|0D1B8JP|0D1B8JQ|0D1B8K4|0D1B8KB|0D1B8KH|0D1B8KK|0D1B8KL|0D1B8KM|0D1B8KN|0D1B8KP|0D1B8KQ|0D1B8Z4|0D1B8ZB|0D1B8ZH|0D1B8ZK|0D1B8ZL|0D1B8ZM|0D1B8ZN|0D1B8ZP|0D1B8ZQ|0D1H074|0D1H07H|0D1H07K|0D1H07L|0D1H07M|0D1H07N|0D1H07P|0D1H0J4|0D1H0JH|0D1H0JK|0D1H0JL|0D1H0JM|0D1H0JN|0D1H0JP|0D1H0K4|0D1H0KH|0D1H0KK|0D1H0KL|0D1H0KM|0D1H0KN|0D1H0KP|0D1H0Z4|0D1H0ZH|0D1H0ZK|0D1H0ZL|0D1H0ZM|0D1H0ZN|0D1H0ZP|0D1H874|0D1H87H|0D1H87K|0D1H87L|0D1H87M|0D1H87N|0D1H87P|0D1H8J4|0D1H8JH|0D1H8JK|0D1H8JL|0D1H8JM|0D1H8JN|0D1H8JP|0D1H8K4|0D1H8KH|0D1H8KK|0D1H8KL|0D1H8KM|0D1H8KN|0D1H8KP|0D1H8Z4|0D1H8ZH|0D1H8ZK|0D1H8ZL|0D1H8ZM|0D1H8ZN|0D1H8ZP|0D1K074|0D1K07K|0D1K07L|0D1K07M|0D1K07N|0D1K07P|0D1K0J4|0D1K0JK|0D1K0JL|0D1K0JM|0D1K0JN|0D1K0JP|0D1K0K4|0D1K0KK|0D1K0KL|0D1K0KM|0D1K0KN|0D1K0KP|0D1K0Z4|0D1K0ZK|0D1K0ZL|0D1K0ZM|0D1K0ZN|0D1K0ZP|0D1K874|0D1K87K|0D1K87L|0D1K87M|0D1K87N|0D1K87P|0D1K8J4|0D1K8JK|0D1K8JL|0D1K8JM|0D1K8JN|0D1K8JP|0D1K8K4|0D1K8KK|0D1K8KL|0D1K8KM|0D1K8KN|0D1K8KP|0D1K8Z4|0D1K8ZK|0D1K8ZL|0D1K8ZM|0D1K8ZN|0D1K8ZP|0D1L074|0D1L07L|0D1L07M|0D1L07N|0D1L07P|0D1L0J4|0D1L0JL|0D1L0JM|0D1L0JN|0D1L0JP|0D1L0K4|0D1L0KL|0D1L0KM|0D1L0KN|0D1L0KP|0D1L0Z4|0D1L0ZL|0D1L0ZM|0D1L0ZN|0D1L0ZP|0D1L874|0D1L87L|0D1L87M|0D1L87N|0D1L87P|0D1L8J4|0D1L8JL|0D1L8JM|0D1L8JN|0D1L8JP|0D1L8K4|0D1L8KL|0D1L8KM|0D1L8KN|0D1L8KP|0D1L8Z4|0D1L8ZL|0D1L8ZM|0D1L8ZN|0D1L8ZP|0D1M074|0D1M07M|0D1M07N|0D1M07P|0D1M0J4|0D1M0JM|0D1M0JN|0D1M0JP|0D1M0K4|0D1M0KM|0D1M0KN|0D1M0KP|0D1M0Z4|0D1M0ZM|0D1M0ZN|0D1M0ZP|0D1M874|0D1M87M|0D1M87N|0D1M87P|0D1M8J4|0D1M8JM|0D1M8JN|0D1M8JP|0D1M8K4|0D1M8KM|0D1M8KN|0D1M8KP|0D1M8Z4|0D1M8ZM|0D1M8ZN|0D1M8ZP|0D1N074|0D1N07N|0D1N07P|0D1N0J4|0D1N0JN|0D1N0JP|0D1N0K4|0D1N0KN|0D1N0KP|0D1N0Z4|0D1N0ZN|0D1N0ZP|0D1N874|0D1N87N|0D1N87P|0D1N8J4|0D1N8JN|0D1N8JP|0D1N8K4|0D1N8KN|0D1N8KP|0D1N8Z4|0D1N8ZN|0D1N8ZP|0D590ZZ|0D597ZZ|0D5E0ZZ|0D5E7ZZ|0D5F0ZZ|0D5F7ZZ|0D5G0ZZ|0D5G7ZZ|0D5H0ZZ|0D5H7ZZ|0D5K0ZZ|0D5K7ZZ|0D5L0ZZ|0D5L7ZZ|0D5M0ZZ|0D5M7ZZ|0D5N0ZZ|0D5N7ZZ|0D710DZ|0D710ZZ|0D720DZ|0D720ZZ|0D730DZ|0D730ZZ|0D740DZ|0D740ZZ|0D750DZ|0D750ZZ|0D760DZ|0D760ZZ|0D767DZ|0D767ZZ|0D768DZ|0D768ZZ|0D770DZ|0D770ZZ|0D777DZ|0D777ZZ|0D840ZZ|0D847ZZ|0D848ZZ|0D9100Z|0D910ZZ|0D9170Z|0D917ZZ|0D9180Z|0D918ZZ|0D9200Z|0D920ZZ|0D9270Z|0D927ZZ|0D9280Z|0D928ZZ|0D9300Z|0D930ZZ|0D9370Z|0D937ZZ|0D9380Z|0D938ZZ|0D9400Z|0D940ZZ|0D9470Z|0D947ZZ|0D9480Z|0D948ZZ|0D9500Z|0D950ZZ|0D9570Z|0D957ZZ|0D9580Z|0D958ZZ|0D9600Z|0D960ZZ|0D967ZZ|0D968ZZ|0D9700Z|0D970ZZ|0D977ZZ|0D978ZZ|0D9800Z|0D980ZZ|0D987ZZ|0D988ZZ|0D9900Z|0D990ZZ|0D997ZZ|0D998ZZ|0D9A00Z|0D9A0ZZ|0D9A7ZZ|0D9A8ZZ|0D9B00Z|0D9B0ZZ|0D9B7ZZ|0D9B8ZZ|0D9C00Z|0D9C0ZZ|0D9C70Z|0D9C7ZZ|0D9C80Z|0D9C8ZZ|0D9E00Z|0D9E0ZZ|0D9E7ZZ|0D9E8ZZ|0D9F00Z|0D9F0ZZ|0D9F70Z|0D9F7ZZ|0D9F8ZZ|0D9G00Z|0D9G0ZZ|0D9G7ZZ|0D9G8ZZ|0D9H00Z|0D9H0ZZ|0D9H7ZZ|0D9H8ZZ|0D9J00Z|0D9J0ZZ|0D9J70Z|0D9J7ZZ|0D9J80Z|0D9J8ZZ|0D9K00Z|0D9K0ZZ|0D9K7ZZ|0D9K8ZZ|0D9L00Z|0D9L0ZZ|0D9L7ZZ|0D9L8ZZ|0D9M00Z|0D9M0ZZ|0D9M7ZZ|0D9M8ZZ|0D9N00Z|0D9N0ZZ|0D9N7ZZ|0D9N8ZZ|0D9P00Z|0D9P0ZZ|0D9P7ZZ|0D9P8ZZ|0D9V00Z|0D9V0ZZ|0D9W00Z|0D9W0ZZ|0DB10ZZ|0DB17ZZ|0DB20ZZ|0DB27ZZ|0DB30ZZ|0DB37ZZ|0DB40ZZ|0DB47ZZ|0DB50ZZ|0DB57ZZ|0DB60Z3|0DB60ZZ|0DB67Z3|0DB67ZZ|0DB68Z3|0DB68ZZ|0DB80ZZ|0DB87ZZ|0DB88ZZ|0DB90ZZ|0DB97ZZ|0DBA0ZZ|0DBA7ZZ|0DBA8ZZ|0DBB0ZZ|0DBB7ZZ|0DBB8ZZ|0DBC0ZZ|0DBC7ZZ|0DBC8ZZ|0DBE0ZZ|0DBE7ZZ|0DBE8ZZ|0DBF0ZZ|0DBF7ZZ|0DBF8ZZ|0DBG0ZZ|0DBG7ZZ|0DBG8ZZ|0DBH0ZZ|0DBH7ZZ|0DBH8ZZ|0DBK0ZZ|0DBK7ZZ|0DBK8ZZ|0DBL0ZZ|0DBL7ZZ|0DBL8ZZ|0DBM0ZZ|0DBM7ZZ|0DBM8ZZ|0DBN0ZZ|0DBN7ZZ|0DBN8ZZ|0DBP0ZZ|0DBP7ZZ|0DBP8ZZ|0DC10ZZ|0DC20ZZ|0DC30ZZ|0DC40ZZ|0DC50ZZ|0DC80ZZ|0DC90ZZ|0DCA0ZZ|0DCB0ZZ|0DCC0ZZ|0DCE0ZZ|0DCF0ZZ|0DCG0ZZ|0DCH0ZZ|0DCK0ZZ|0DCL0ZZ|0DCM0ZZ|0DCN0ZZ|0DCP0ZZ|0DCV0ZZ|0DCW0ZZ|0DF50ZZ|0DF57ZZ|0DF58ZZ|0DF60ZZ|0DF67ZZ|0DF68ZZ|0DF80ZZ|0DF87ZZ|0DF88ZZ|0DF90ZZ|0DF97ZZ|0DF98ZZ|0DFA0ZZ|0DFA7ZZ|0DFA8ZZ|0DFB0ZZ|0DFB7ZZ|0DFB8ZZ|0DFE0ZZ|0DFE7ZZ|0DFE8ZZ|0DFF0ZZ|0DFF7ZZ|0DFF8ZZ|0DFG0ZZ|0DFG7ZZ|0DFG8ZZ|0DFH0ZZ|0DFH7ZZ|0DFH8ZZ|0DFK0ZZ|0DFK7ZZ|0DFK8ZZ|0DFL0ZZ|0DFL7ZZ|0DFL8ZZ|0DFM0ZZ|0DFM7ZZ|0DFM8ZZ|0DFN0ZZ|0DFN7ZZ|0DFN8ZZ|0DH502Z|0DH503Z|0DH572Z|0DH573Z|0DH582Z|0DH583Z|0DH60DZ|0DH67DZ|0DH68DZ|0DH802Z|0DH803Z|0DH872Z|0DH873Z|0DH882Z|0DH883Z|0DH902Z|0DH903Z|0DH972Z|0DH973Z|0DH982Z|0DH983Z|0DHA02Z|0DHA03Z|0DHA72Z|0DHA73Z|0DHA82Z|0DHA83Z|0DHB02Z|0DHB03Z|0DHB72Z|0DHB73Z|0DHB82Z|0DHB83Z|0DJ00ZZ|0DJ60ZZ|0DJD0ZZ|0DJU0ZZ|0DJV0ZZ|0DJW0ZZ|0DL60CZ|0DL60DZ|0DL60ZZ|0DL67DZ|0DL67ZZ|0DL68DZ|0DL68ZZ|0DL70CZ|0DL70DZ|0DL70ZZ|0DL77DZ|0DL77ZZ|0DL78DZ|0DL78ZZ|0DM50ZZ|0DM60ZZ|0DM80ZZ|0DM90ZZ|0DMA0ZZ|0DMB0ZZ|0DME0ZZ|0DMF0ZZ|0DMG0ZZ|0DMH0ZZ|0DMK0ZZ|0DML0ZZ|0DMM0ZZ|0DMN0ZZ|0DMP0ZZ|0DN10ZZ|0DN17ZZ|0DN18ZZ|0DN20ZZ|0DN27ZZ|0DN28ZZ|0DN30ZZ|0DN37ZZ|0DN38ZZ|0DN40ZZ|0DN47ZZ|0DN48ZZ|0DN50ZZ|0DN57ZZ|0DN58ZZ|0DN60ZZ|0DN67ZZ|0DN68ZZ|0DN70ZZ|0DN77ZZ|0DN78ZZ|0DN80ZZ|0DN90ZZ|0DNA0ZZ|0DNB0ZZ|0DNC0ZZ|0DNC7ZZ|0DNC8ZZ|0DNE0ZZ|0DNF0ZZ|0DNG0ZZ|0DNH0ZZ|0DNJ0ZZ|0DNK0ZZ|0DNL0ZZ|0DNM0ZZ|0DNN0ZZ|0DNV0ZZ|0DNW0ZZ|0DP000Z|0DP002Z|0DP003Z|0DP007Z|0DP00CZ|0DP00DZ|0DP00JZ|0DP00KZ|0DP00UZ|0DP070Z|0DP072Z|0DP073Z|0DP077Z|0DP07CZ|0DP07DZ|0DP07JZ|0DP07KZ|0DP07UZ|0DP080Z|0DP082Z|0DP083Z|0DP087Z|0DP08CZ|0DP08DZ|0DP08JZ|0DP08KZ|0DP08UZ|0DP501Z|0DP502Z|0DP503Z|0DP50UZ|0DP57DZ|0DP58DZ|0DP600Z|0DP602Z|0DP603Z|0DP607Z|0DP60CZ|0DP60DZ|0DP60JZ|0DP60KZ|0DP60MZ|0DP60UZ|0DP670Z|0DP672Z|0DP673Z|0DP677Z|0DP67CZ|0DP67JZ|0DP67KZ|0DP67UZ|0DP680Z|0DP682Z|0DP683Z|0DP687Z|0DP68CZ|0DP68JZ|0DP68KZ|0DP68UZ|0DPD00Z|0DPD02Z|0DPD03Z|0DPD07Z|0DPD0CZ|0DPD0DZ|0DPD0JZ|0DPD0KZ|0DPD0UZ|0DPD70Z|0DPD72Z|0DPD73Z|0DPD77Z|0DPD7CZ|0DPD7DZ|0DPD7JZ|0DPD7KZ|0DPD7UZ|0DPD80Z|0DPD82Z|0DPD83Z|0DPD87Z|0DPD8CZ|0DPD8DZ|0DPD8JZ|0DPD8KZ|0DPD8UZ|0DPP01Z|0DPU00Z|0DPU01Z|0DPU07Z|0DPU0JZ|0DPU0KZ|0DPV00Z|0DPV01Z|0DPV07Z|0DPV0JZ|0DPV0KZ|0DPW00Z|0DPW01Z|0DPW07Z|0DPW0JZ|0DPW0KZ|0DQ10ZZ|0DQ17ZZ|0DQ18ZZ|0DQ20ZZ|0DQ27ZZ|0DQ28ZZ|0DQ30ZZ|0DQ37ZZ|0DQ38ZZ|0DQ40ZZ|0DQ47ZZ|0DQ48ZZ|0DQ50ZZ|0DQ57ZZ|0DQ58ZZ|0DQ60ZZ|0DQ67ZZ|0DQ68ZZ|0DQ70ZZ|0DQ77ZZ|0DQ78ZZ|0DQ80ZZ|0DQ87ZZ|0DQ88ZZ|0DQ90ZZ|0DQ97ZZ|0DQ98ZZ|0DQA0ZZ|0DQA7ZZ|0DQA8ZZ|0DQB0ZZ|0DQB7ZZ|0DQB8ZZ|0DQC0ZZ|0DQC7ZZ|0DQC8ZZ|0DQE0ZZ|0DQE7ZZ|0DQE8ZZ|0DQF0ZZ|0DQF7ZZ|0DQF8ZZ|0DQG0ZZ|0DQG7ZZ|0DQG8ZZ|0DQH0ZZ|0DQH7ZZ|0DQH8ZZ|0DQK0ZZ|0DQK7ZZ|0DQK8ZZ|0DQL0ZZ|0DQL7ZZ|0DQL8ZZ|0DQM0ZZ|0DQM7ZZ|0DQM8ZZ|0DQN0ZZ|0DQN7ZZ|0DQN8ZZ|0DQV0ZZ|0DQW0ZZ|0DR507Z|0DR50JZ|0DR50KZ|0DR577Z|0DR57JZ|0DR57KZ|0DR587Z|0DR58JZ|0DR58KZ|0DRV07Z|0DRV0JZ|0DRV0KZ|0DRW07Z|0DRW0JZ|0DRW0KZ|0DS50ZZ|0DS57ZZ|0DS58ZZ|0DS5XZZ|0DS60ZZ|0DS67ZZ|0DS68ZZ|0DS6XZZ|0DS90ZZ|0DS97ZZ|0DS98ZZ|0DSA0ZZ|0DSA7ZZ|0DSA8ZZ|0DSB0ZZ|0DSB7ZZ|0DSB8ZZ|0DSH0ZZ|0DSH7ZZ|0DSH8ZZ|0DSK0ZZ|0DSK7ZZ|0DSK8ZZ|0DSL0ZZ|0DSL7ZZ|0DSL8ZZ|0DSM0ZZ|0DSM7ZZ|0DSM8ZZ|0DSN0ZZ|0DSN7ZZ|0DSN8ZZ|0DSP0ZZ|0DSP7ZZ|0DSP8ZZ|0DT10ZZ|0DT17ZZ|0DT18ZZ|0DT20ZZ|0DT27ZZ|0DT28ZZ|0DT30ZZ|0DT37ZZ|0DT38ZZ|0DT40ZZ|0DT47ZZ|0DT48ZZ|0DT50ZZ|0DT57ZZ|0DT58ZZ|0DT60ZZ|0DT67ZZ|0DT68ZZ|0DT70ZZ|0DT77ZZ|0DT78ZZ|0DT80ZZ|0DT87ZZ|0DT88ZZ|0DT90ZZ|0DT97ZZ|0DT98ZZ|0DTA0ZZ|0DTA7ZZ|0DTA8ZZ|0DTB0ZZ|0DTB7ZZ|0DTB8ZZ|0DTC0ZZ|0DTC7ZZ|0DTC8ZZ|0DTE0ZZ|0DTE7ZZ|0DTE8ZZ|0DTF0ZZ|0DTF7ZZ|0DTF8ZZ|0DTG0ZZ|0DTG7ZZ|0DTG8ZZ|0DTH0ZZ|0DTH7ZZ|0DTH8ZZ|0DTK0ZZ|0DTK7ZZ|0DTK8ZZ|0DTL0ZZ|0DTL7ZZ|0DTL8ZZ|0DTM0ZZ|0DTM7ZZ|0DTM8ZZ|0DTN0ZZ|0DTN7ZZ|0DTN8ZZ|0DTP0ZZ|0DTP7ZZ|0DTP8ZZ|0DU107Z|0DU10JZ|0DU10KZ|0DU177Z|0DU17JZ|0DU17KZ|0DU187Z|0DU18JZ|0DU18KZ|0DU207Z|0DU20JZ|0DU20KZ|0DU277Z|0DU27JZ|0DU27KZ|0DU287Z|0DU28JZ|0DU28KZ|0DU307Z|0DU30JZ|0DU30KZ|0DU377Z|0DU37JZ|0DU37KZ|0DU387Z|0DU38JZ|0DU38KZ|0DU407Z|0DU40JZ|0DU40KZ|0DU477Z|0DU47JZ|0DU47KZ|0DU487Z|0DU48JZ|0DU48KZ|0DU507Z|0DU50JZ|0DU50KZ|0DU577Z|0DU57JZ|0DU57KZ|0DU587Z|0DU58JZ|0DU58KZ|0DU607Z|0DU60JZ|0DU60KZ|0DU677Z|0DU67JZ|0DU67KZ|0DU687Z|0DU68JZ|0DU68KZ|0DU707Z|0DU70JZ|0DU70KZ|0DU777Z|0DU77JZ|0DU77KZ|0DU787Z|0DU78JZ|0DU78KZ|0DU807Z|0DU80JZ|0DU80KZ|0DU877Z|0DU87JZ|0DU87KZ|0DU887Z|0DU88JZ|0DU88KZ|0DU907Z|0DU90JZ|0DU90KZ|0DU977Z|0DU97JZ|0DU97KZ|0DU987Z|0DU98JZ|0DU98KZ|0DUA07Z|0DUA0JZ|0DUA0KZ|0DUA77Z|0DUA7JZ|0DUA7KZ|0DUA87Z|0DUA8JZ|0DUA8KZ|0DUB07Z|0DUB0JZ|0DUB0KZ|0DUB77Z|0DUB7JZ|0DUB7KZ|0DUB87Z|0DUB8JZ|0DUB8KZ|0DUC07Z|0DUC0JZ|0DUC0KZ|0DUC77Z|0DUC7JZ|0DUC7KZ|0DUC87Z|0DUC8JZ|0DUC8KZ|0DUE07Z|0DUE0JZ|0DUE0KZ|0DUE77Z|0DUE7JZ|0DUE7KZ|0DUE87Z|0DUE8JZ|0DUE8KZ|0DUF07Z|0DUF0JZ|0DUF0KZ|0DUF77Z|0DUF7JZ|0DUF7KZ|0DUF87Z|0DUF8JZ|0DUF8KZ|0DUG07Z|0DUG0JZ|0DUG0KZ|0DUG77Z|0DUG7JZ|0DUG7KZ|0DUG87Z|0DUG8JZ|0DUG8KZ|0DUH07Z|0DUH0JZ|0DUH0KZ|0DUH77Z|0DUH7JZ|0DUH7KZ|0DUH87Z|0DUH8JZ|0DUH8KZ|0DUK07Z|0DUK0JZ|0DUK0KZ|0DUK77Z|0DUK7JZ|0DUK7KZ|0DUK87Z|0DUK8JZ|0DUK8KZ|0DUL07Z|0DUL0JZ|0DUL0KZ|0DUL77Z|0DUL7JZ|0DUL7KZ|0DUL87Z|0DUL8JZ|0DUL8KZ|0DUM07Z|0DUM0JZ|0DUM0KZ|0DUM77Z|0DUM7JZ|0DUM7KZ|0DUM87Z|0DUM8JZ|0DUM8KZ|0DUN07Z|0DUN0JZ|0DUN0KZ|0DUN77Z|0DUN7JZ|0DUN7KZ|0DUN87Z|0DUN8JZ|0DUN8KZ|0DUV07Z|0DUV0JZ|0DUV0KZ|0DUW07Z|0DUW0JZ|0DUW0KZ|0DV10CZ|0DV10DZ|0DV10ZZ|0DV17DZ|0DV17ZZ|0DV18DZ|0DV18ZZ|0DV20CZ|0DV20DZ|0DV20ZZ|0DV27DZ|0DV27ZZ|0DV28DZ|0DV28ZZ|0DV30CZ|0DV30DZ|0DV30ZZ|0DV37DZ|0DV37ZZ|0DV38DZ|0DV38ZZ|0DV40CZ|0DV40DZ|0DV40ZZ|0DV47DZ|0DV47ZZ|0DV48DZ|0DV48ZZ|0DV50CZ|0DV50DZ|0DV50ZZ|0DV57DZ|0DV57ZZ|0DV58DZ|0DV58ZZ|0DV60CZ|0DV60DZ|0DV60ZZ|0DV67ZZ|0DV68ZZ|0DV70CZ|0DV70DZ|0DV70ZZ|0DV77DZ|0DV77ZZ|0DV78DZ|0DV78ZZ|0DV80CZ|0DV80DZ|0DV80ZZ|0DV87DZ|0DV87ZZ|0DV88DZ|0DV88ZZ|0DV90CZ|0DV90DZ|0DV90ZZ|0DV97DZ|0DV97ZZ|0DV98DZ|0DV98ZZ|0DVA0CZ|0DVA0DZ|0DVA0ZZ|0DVA7DZ|0DVA7ZZ|0DVA8DZ|0DVA8ZZ|0DVB0CZ|0DVB0DZ|0DVB0ZZ|0DVB7DZ|0DVB7ZZ|0DVB8DZ|0DVB8ZZ|0DVC0CZ|0DVC0DZ|0DVC0ZZ|0DVC7DZ|0DVC7ZZ|0DVC8DZ|0DVC8ZZ|0DVE0CZ|0DVE0DZ|0DVE0ZZ|0DVE7DZ|0DVE7ZZ|0DVE8DZ|0DVE8ZZ|0DVF0CZ|0DVF0DZ|0DVF0ZZ|0DVF7DZ|0DVF7ZZ|0DVF8DZ|0DVF8ZZ|0DVG0CZ|0DVG0DZ|0DVG0ZZ|0DVG7DZ|0DVG7ZZ|0DVG8DZ|0DVG8ZZ|0DVH0CZ|0DVH0DZ|0DVH0ZZ|0DVH7DZ|0DVH7ZZ|0DVH8DZ|0DVH8ZZ|0DVK0CZ|0DVK0DZ|0DVK0ZZ|0DVK7DZ|0DVK7ZZ|0DVK8DZ|0DVK8ZZ|0DVL0CZ|0DVL0DZ|0DVL0ZZ|0DVL7DZ|0DVL7ZZ|0DVL8DZ|0DVL8ZZ|0DVM0CZ|0DVM0DZ|0DVM0ZZ|0DVM7DZ|0DVM7ZZ|0DVM8DZ|0DVM8ZZ|0DVN0CZ|0DVN0DZ|0DVN0ZZ|0DVN7DZ|0DVN7ZZ|0DVN8DZ|0DVN8ZZ|0DW000Z|0DW002Z|0DW003Z|0DW007Z|0DW00CZ|0DW00DZ|0DW00JZ|0DW00KZ|0DW00UZ|0DW070Z|0DW072Z|0DW073Z|0DW077Z|0DW07CZ|0DW07DZ|0DW07JZ|0DW07KZ|0DW07UZ|0DW080Z|0DW082Z|0DW083Z|0DW087Z|0DW08CZ|0DW08DZ|0DW08JZ|0DW08KZ|0DW08UZ|0DW57DZ|0DW58DZ|0DW600Z|0DW602Z|0DW603Z|0DW607Z|0DW60CZ|0DW60DZ|0DW60JZ|0DW60KZ|0DW60MZ|0DW60UZ|0DW670Z|0DW672Z|0DW673Z|0DW677Z|0DW67CZ|0DW67DZ|0DW67JZ|0DW67KZ|0DW67UZ|0DW680Z|0DW682Z|0DW683Z|0DW687Z|0DW68CZ|0DW68DZ|0DW68JZ|0DW68KZ|0DW68UZ|0DW807Z|0DW80JZ|0DW80KZ|0DW877Z|0DW87JZ|0DW87KZ|0DW887Z|0DW88JZ|0DW88KZ|0DWD00Z|0DWD02Z|0DWD03Z|0DWD07Z|0DWD0CZ|0DWD0DZ|0DWD0JZ|0DWD0KZ|0DWD0UZ|0DWD70Z|0DWD72Z|0DWD73Z|0DWD77Z|0DWD7CZ|0DWD7DZ|0DWD7JZ|0DWD7KZ|0DWD7UZ|0DWD80Z|0DWD82Z|0DWD83Z|0DWD87Z|0DWD8CZ|0DWD8DZ|0DWD8JZ|0DWD8KZ|0DWD8UZ|0DWE07Z|0DWE0JZ|0DWE0KZ|0DWE77Z|0DWE7JZ|0DWE7KZ|0DWE87Z|0DWE8JZ|0DWE8KZ|0DWU07Z|0DWU0JZ|0DWU0KZ|0DWV07Z|0DWV0JZ|0DWV0KZ|0DWW00Z|0DWW07Z|0DWW0JZ|0DWW0KZ|0DX60Z5|0DX80Z5|0DXE0Z5|0DY60Z0|0DY60Z1|0DY60Z2|0F140D3|0F140D4|0F140D5|0F140D6|0F140D7|0F140D8|0F140D9|0F140DB|0F140Z3|0F140Z4|0F140Z5|0F140Z6|0F140Z7|0F140Z8|0F140Z9|0F140ZB|0F150D3|0F150D4|0F150D5|0F150D6|0F150D7|0F150D8|0F150D9|0F150DB|0F150Z3|0F150Z4|0F150Z5|0F150Z6|0F150Z7|0F150Z8|0F150Z9|0F150ZB|0F160D3|0F160D4|0F160D5|0F160D6|0F160D7|0F160D8|0F160D9|0F160DB|0F160Z3|0F160Z4|0F160Z5|0F160Z6|0F160Z7|0F160Z8|0F160Z9|0F160ZB|0F180D3|0F180D4|0F180D5|0F180D6|0F180D7|0F180D8|0F180D9|0F180DB|0F180Z3|0F180Z4|0F180Z5|0F180Z6|0F180Z7|0F180Z8|0F180Z9|0F180ZB|0F190D3|0F190D4|0F190D5|0F190D6|0F190D7|0F190D8|0F190D9|0F190DB|0F190Z3|0F190Z4|0F190Z5|0F190Z6|0F190Z7|0F190Z8|0F190Z9|0F190ZB|0F1D0D3|0F1D0DB|0F1D0DC|0F1D0Z3|0F1D0ZB|0F1D0ZC|0F1F0D3|0F1F0DB|0F1F0DC|0F1F0Z3|0F1F0ZB|0F1F0ZC|0F1G0D3|0F1G0DB|0F1G0DC|0F1G0Z3|0F1G0ZB|0F1G0ZC|0F500ZZ|0F510ZZ|0F520ZZ|0F550ZZ|0F557ZZ|0F560ZZ|0F567ZZ|0F580ZZ|0F587ZZ|0F590ZZ|0F597ZZ|0F5C0ZZ|0F5C7ZZ|0F5D0ZZ|0F5D7ZZ|0F5F0ZZ|0F5F7ZZ|0F5G0ZZ|0F750DZ|0F750ZZ|0F757DZ|0F757ZZ|0F760DZ|0F760ZZ|0F767DZ|0F767ZZ|0F780DZ|0F780ZZ|0F787DZ|0F787ZZ|0F790DZ|0F790ZZ|0F797DZ|0F797ZZ|0F7C0DZ|0F7C0ZZ|0F7C7DZ|0F7C7ZZ|0F7D0DZ|0F7D0ZZ|0F7D7DZ|0F7D7ZZ|0F7F0DZ|0F7F0ZZ|0F7F7DZ|0F7F7ZZ|0F8G0ZZ|0F9000Z|0F900ZZ|0F9100Z|0F910ZZ|0F9200Z|0F920ZZ|0F9500Z|0F950ZZ|0F9570Z|0F957ZZ|0F9580Z|0F958ZZ|0F9600Z|0F960ZZ|0F9670Z|0F967ZZ|0F9680Z|0F968ZZ|0F9800Z|0F980ZZ|0F9870Z|0F987ZZ|0F9880Z|0F988ZZ|0F9900Z|0F990ZZ|0F9C00Z|0F9C0ZZ|0F9C70Z|0F9C7ZZ|0F9D0ZZ|0F9D7ZZ|0F9D8ZZ|0F9F0ZZ|0F9F7ZZ|0F9F8ZZ|0F9G0ZZ|0FB00ZZ|0FB10ZZ|0FB20ZZ|0FB50ZZ|0FB57ZZ|0FB60ZZ|0FB67ZZ|0FB80ZZ|0FB87ZZ|0FB90ZZ|0FB97ZZ|0FBC0ZZ|0FBC7ZZ|0FBD0ZZ|0FBD7ZZ|0FBF0ZZ|0FBF7ZZ|0FBG0ZZ|0FC00ZZ|0FC10ZZ|0FC20ZZ|0FC50ZZ|0FC60ZZ|0FC80ZZ|0FC90ZZ|0FCC0ZZ|0FCC7ZZ|0FCD0ZZ|0FCD7ZZ|0FCF0ZZ|0FCF7ZZ|0FCG0ZZ|0FF50ZZ|0FF57ZZ|0FF60ZZ|0FF67ZZ|0FF80ZZ|0FF87ZZ|0FF90ZZ|0FF97ZZ|0FFC0ZZ|0FFC7ZZ|0FFD0ZZ|0FFD7ZZ|0FFD8ZZ|0FFF0ZZ|0FFF7ZZ|0FFF8ZZ|0FH002Z|0FH102Z|0FH202Z|0FHB02Z|0FHB0DZ|0FHB72Z|0FHB7DZ|0FHB82Z|0FHD02Z|0FHD0DZ|0FHD72Z|0FHD7DZ|0FHD82Z|0FHG02Z|0FJ00ZZ|0FJB0ZZ|0FJB7ZZ|0FJB8ZZ|0FL50CZ|0FL50DZ|0FL50ZZ|0FL60CZ|0FL60DZ|0FL60ZZ|0FL80CZ|0FL80DZ|0FL80ZZ|0FL90CZ|0FL90DZ|0FL90ZZ|0FLC0CZ|0FLC0DZ|0FLC0ZZ,0FLC7ZZ|0FLC8DZ|0FLC8ZZ|0FLD0CZ|0FLD0DZ|0FLD0ZZ|0FLD7DZ|0FLD7ZZ|0FLD8DZ|0FLD8ZZ|0FLF0CZ|0FLF0DZ|0FLF0ZZ|0FLF7DZ|0FLF7ZZ|0FLF8DZ|0FLF8ZZ|0FM40ZZ|0FM50ZZ|0FM60ZZ|0FM80ZZ|0FM90ZZ|0FMC0ZZ|0FMD0ZZ|0FMF0ZZ|0FMG0ZZ|0FN00ZZ|0FN10ZZ|0FN20ZZ|0FN40ZZ|0FN50ZZ|0FN57ZZ|0FN58ZZ|0FN60ZZ|0FN67ZZ|0FN68ZZ|0FN80ZZ|0FN87ZZ|0FN88ZZ|0FN90ZZ|0FN97ZZ|0FN98ZZ|0FNC0ZZ|0FNC7ZZ|0FNC8ZZ|0FND0ZZ|0FND7ZZ|0FND8ZZ|0FNF0ZZ|0FNF7ZZ|0FNF8ZZ|0FNG0ZZ|0FP000Z|0FP002Z|0FP003Z|0FP40DZ|0FPB00Z|0FPB01Z|0FPB02Z|0FPB03Z|0FPB07Z|0FPB0CZ|0FPB0DZ|0FPB0JZ|0FPB0KZ|0FPB70Z|0FPB71Z|0FPB72Z|0FPB73Z|0FPB77Z|0FPB7CZ|0FPB7DZ|0FPB7JZ|0FPB7KZ|0FPB80Z|0FPB81Z|0FPB82Z|0FPB83Z|0FPB87Z|0FPB8CZ|0FPB8DZ|0FPB8JZ|0FPB8KZ|0FPD00Z|0FPD01Z|0FPD02Z|0FPD03Z|0FPD07Z|0FPD0CZ|0FPD0DZ|0FPD0JZ|0FPD0KZ|0FPD70Z|0FPD71Z|0FPD72Z|0FPD73Z|0FPD77Z|0FPD7CZ|0FPD7DZ|0FPD7JZ|0FPD7KZ|0FPD80Z|0FPD81Z|0FPD82Z|0FPD83Z|0FPD87Z|0FPD8CZ|0FPD8DZ|0FPD8JZ|0FPD8KZ|0FPG00Z|0FPG02Z|0FPG03Z|0FPG0DZ|0FPGXDZ|0FQ40ZZ|0FQ50ZZ|0FQ57ZZ|0FQ58ZZ|0FQ60ZZ|0FQ67ZZ|0FQ68ZZ|0FQ80ZZ|0FQ87ZZ|0FQ88ZZ|0FQ90ZZ|0FQ97ZZ|0FQ98ZZ|0FQC0ZZ|0FQC7ZZ|0FQC8ZZ|0FQD0ZZ|0FQD7ZZ|0FQD8ZZ|0FQF0ZZ|0FQF7ZZ|0FQF8ZZ|0FQG0ZZ|0FR507Z|0FR50JZ|0FR50KZ|0FR607Z|0FR60JZ|0FR60KZ|0FR807Z|0FR80JZ|0FR80KZ|0FR907Z|0FR90JZ|0FR90KZ|0FRC07Z|0FRC0JZ|0FRC0KZ|0FRD07Z|0FRD0JZ|0FRD0KZ|0FRF07Z|0FRF0JZ|0FRF0KZ|0FS40ZZ|0FS50ZZ|0FS60ZZ|0FS80ZZ|0FS90ZZ|0FSC0ZZ|0FSD0ZZ|0FSF0ZZ|0FT10ZZ|0FT20ZZ|0FT50ZZ|0FT57ZZ|0FT58ZZ|0FT60ZZ|0FT67ZZ|0FT68ZZ|0FT80ZZ|0FT87ZZ|0FT88ZZ|0FT90ZZ|0FT97ZZ|0FT98ZZ|0FTC0ZZ|0FTC7ZZ|0FTC8ZZ|0FTD0ZZ|0FTD7ZZ|0FTF0ZZ|0FTF7ZZ|0FTG0ZZ|0FU507Z|0FU50JZ|0FU50KZ|0FU607Z|0FU60JZ|0FU60KZ|0FU807Z|0FU80JZ|0FU80KZ|0FU907Z|0FU90JZ|0FU90KZ|0FUC07Z|0FUC0JZ|0FUC0KZ|0FUD07Z|0FUD0JZ|0FUD0KZ|0FUF07Z|0FUF0JZ|0FUF0KZ|0FV50CZ|0FV50DZ|0FV50ZZ|0FV60CZ|0FV60DZ|0FV60ZZ|0FV80CZ|0FV80DZ|0FV80ZZ|0FV90CZ|0FV90DZ|0FV90ZZ|0FVC0CZ|0FVC0DZ|0FVC0ZZ|0FVC7DZ|0FVC7ZZ|0FVC8DZ|0FVC8ZZ|0FVD0CZ|0FVD0DZ|0FVD0ZZ|0FVD7DZ|0FVD7ZZ|0FVD8DZ|0FVD8ZZ|0FVF0CZ|0FVF0DZ|0FVF0ZZ|0FVF7DZ|0FVF7ZZ|0FVF8DZ|0FVF8ZZ|0FW000Z|0FW002Z|0FW003Z|0FWB00Z|0FWB02Z|0FWB03Z|0FWB07Z|0FWB0CZ|0FWB0DZ|0FWB0JZ|0FWB0KZ|0FWB70Z|0FWB72Z|0FWB73Z|0FWB77Z|0FWB7CZ|0FWB7DZ|0FWB7JZ|0FWB7KZ|0FWB80Z|0FWB82Z|0FWB83Z|0FWB87Z|0FWB8CZ|0FWB8DZ|0FWB8JZ|0FWB8KZ|0FWD00Z|0FWD02Z|0FWD03Z|0FWD07Z|0FWD0CZ|0FWD0DZ|0FWD0JZ|0FWD0KZ|0FWD70Z|0FWD72Z|0FWD73Z|0FWD77Z|0FWD7CZ|0FWD7DZ|0FWD7JZ|0FWD7KZ|0FWD80Z|0FWD82Z|0FWD83Z|0FWD87Z|0FWD8CZ|0FWD8DZ|0FWD8JZ|0FWD8KZ|0FWG00Z|0FWG02Z|0FWG03Z|0FWG0DZ|0HQ4XZZ|0HQ5XZZ|0TRB07Z|0W1G0JY|0W3G0ZZ|0W3H0ZZ|0W3P0ZZ|0W9G00Z|0W9G0ZZ|0W9J00Z|0W9J0ZZ|0WCG0ZZ|0WCJ0ZZ|0WCP0ZZ|0WCR0ZZ|0WFG0ZZ|0WHG03Z|0WHG0YZ|0WHH03Z|0WHH0YZ|0WHJ03Z|0WHJ0YZ|0WHP03Z|0WJG0ZZ|0WJJ0ZZ|0WJP0ZZ|0WJR0ZZ|0WMF0ZZ|0WPG00Z|0WPG01Z|0WPG03Z|0WPG0JZ|0WPG0YZ|0WPH00Z|0WPH01Z|0WPH03Z|0WPH0YZ|0WPP01Z|0WPP03Z|0WPP0YZ|0WQ6XZ2|0WQF0ZZ|0WQFXZ2|0WQFXZZ|0WWG00Z|0WWG01Z|0WWG03Z|0WWG0JZ|0WWG0YZ|0WWH00Z|0WWH01Z|0WWH03Z|0WWH0YZ|0WWJ00Z|0WWJ01Z|0WWJ03Z|0WWJ0JZ|0WWJ0YZ|0WWP01Z|0WWP03Z|0WWP0YZ
General Surgery,[VSAC] General Surgery,2.16.840.1.113883.3.117.1.7.1.255,SNOMEDCT,Exclusion Criteria: No exclusions.,"Clinical Focus: The purpose of this value set is to represent concepts of procedures for thoracic and abdominal general surgery procedures, except for cardiac procedures.; Data Element Scope: This value set may use a model element related to Procedure.; Inclusion Criteria: Includes concepts that represent a procedure for thoracic and abdominal general surgery, except for cardiac procedures.","Steward: The Joint Commission; OID: 2.16.840.1.113883.3.117.1.7.1.255; Code System(s): ICD10PCS,SNOMEDCT; Definition Type: Grouping; Definition Version: Latest; Accessed: 2022-01-19 15:02:03",10002003|10107006|10254002|10259007|10272008|10388006|1054002|10590008|107938000|107944001|108184008|10869008|10985002|11127003|11236009|112860004|112864008|112871003|112873000|112875007|112877004|112883001|112884007|112977000|112982007|11574002|116026007|116027003|116031009|116165008|116175006|116215005|116241004|116242006|11626008|11682008|119288004|119746007|119879002|119880004|119883002|119884008|119887001|119888006|119892004|119915002|119916001|119925007|119926008|119927004|119928009|119936000|119937009|120167008|120168003|120183008|120184002|120186000|120188004|12074006|12092003|12102007|12324002|12421006|12666009|12827003|128399009|128400002|128401003|128406008|12959006|13327002|1337002|133871003|13403003|13811001|1390003|14072009|14335006|14352005|14403007|1457004|14599002|14622006|14687003|14690009|14759003|1501006|15051002|15213007|15257006|15457008|16079003|16224002|16280008|1645004|16564004|17254000|172938001|173170008|173171007|173172000|17319005|173560002|173566008|173571001|173572008|173573003|173576006|173586007|173587003|173588008|173590009|173600008|173605003|173619003|173685001|173705006|173714001|173715000|173716004|173720000|173722008|173734000|173740007|173747005|173748000|173750008|173751007|173778009|173788005|173793008|173794002|173795001|173800006|173842008|173848007|173849004|173853002|173856005|173857001|173858006|173860008|173889005|173895006|173896007|173897003|173898008|173899000|173903007|173904001|173911002|173913004|173923008|173947001|173948006|173949003|173950003|173955008|173958005|173959002|173960007|173961006|173962004|173967005|173973006|173977007|173980008|173994009|174000002|174002005|174003000|174005007|174018004|174059005|174071004|174072006|174073001|174080004|174081000|174086005|174087001|174093009|174094003|174100000|174101001|174121000|174123002|174124008|174125009|174126005|174132000|174164007|174165008|174240003|174241004|174273005|174278001|174286001|174349004|174416009|174430004|174431000|174432007|174495007|174503007|174504001|174507008|174508003|174542007|174543002|174545009|174546005|174549003|174550003|174551004|174557000|174558005|174561006|174562004|174564003|174565002|174578002|174582000|174588001|174589009|174594009|174595005|174596006|174602009|174697009|174702000|174710004|174712007|174717001|174718006|174720009|17473003|174734009|174735005|174740002|174758008|174776001|174778000|17478007|176003|17671008|177784006|177835007|177836008|177837004|177846005|177916006|177919004|177920005|177970008|177977006|178732003|17988003|18047003|18133004|184687006|18561003|186648008|18692006|18878003|191532000|1924009|192461000|193289008|195115001|195767005|195969003|19612002|19639005|196505006|19725004|198144000|199001009|20241005|20246000|20357008|20460000|20880009|21118000|21400005|21482000|21538007|21832001|21991006|22094003|22216006|22324003|2234009|22853007|22997007|23167008|232635006|232636007|232637003|232638008|232639000|232640003|232641004|232642006|232643001|232644007|232645008|232646009|232647000|23281002|234319005|235152003|235159007|235160002|235161003|235162005|235163000|235164006|235165007|235166008|235168009|235169001|235170000|235171001|235173003|235174009|235175005|235176006|235177002|235178007|235179004|235186007|235187003|235188008|235189000|235190009|235191008|235192001|235193006|235214008|235215009|235216005|235217001|235218006|235219003|235225004|235226003|235227007|235228002|235229005|235230000|235231001|235232008|235245007|235253004|235254005|235255006|235259000|235260005|235265000|235266004|235267008|235270007|235271006|235279008|235281005|235282003|235287009|235288004|235289007|235291004|235298005|235299002|235300005|235302002|235305000|235306004|235307008|235325001|235332005|235333000|235340004|235345009|235346005|235348006|235355008|235360007|235364003|235366001|235367005|235371008|235372001|235373006|235374000|235376003|235377007|235378002|235407009|235408004|235409007|235460008|235466002|235467006|235468001|235469009|235470005|235472002|235476004|235477008|235479006|235480009|235481008|235482001|235483006|235484000|235485004|235489005|235490001|235491002|235493004|235498008|235499000|235501008|235509005|235510000|235511001|235520005|235521009|235522002|235528003|235529006|235530001|235531002|235532009|235533004|235534005|235536007|235537003|235538008|235540003|235547000|235570008|235571007|235573005|235574004|235581006|235582004|235584003|235585002|235586001|235588000|235589008|235590004|235591000|235860000|23797008|238203006|238210000|238211001|238213003|238214009|238215005|238217002|238218007|238219004|238221009|238236007|238240003|238255007|238335008|238358006|239005002|23968004|239879006|240294007|240962009|241560003|242519008|243287005|24431004|24506003|245667003|247501005|24792005|248352005|24883002|249210007|25187007|25196007|25321000|257909005|260645006|261502004|261766001|26187001|26268001|262794006|26390003|26452005|264963003|264969004|265340005|265341009|265344001|265345000|265356000|265358004|265359007|265360002|265364006|265365007|265380001|265381002|265411006|265412004|265414003|265417005|265418000|265420002|265429001|265458003|265459006|265461002|265462009|26565004|26619008|26732005|26925005|26993008|27010001|27041000|27063009|271564001|271565000|27191003|271996001|27210007|274025005|274448007|275007007|275011001|275014009|275017002|275019004|275024001|275162000|275194005|275230005|275231009|276190007|278500000|27892007|281413005|281567001|282400002|283377009|28345000|28467003|286079005|28658009|287315009|287334009|287783005|287788001|287793003|287809004|287810009|287815004|287816003|287818002|287819005|287824008|287827001|287828006|287829003|287834004|287844002|287846000|287847009|287848004|287850007|287853009|287866009|287867000|287994002|287995001|288019006|28851001|28890002|289060008|28981008|290017007|29065006|29205000|294034007|29453004|29630005|298799004|29952004|299681007|299682000|3001009|301087006|301425009|30161002|301698008|301699000|301704008|30215008|302354002|302619004|30273008|303395008|303396009|303398005|303401008|303565004|303566003|303582002|303584001|30402002|304060006|3041000|304583001|304585008|304587000|305621000|307009004|307010009|307011008|30706000|307183003|307185005|307190008|307192000|307193005|307196002|307197006|307259004|307260009|307261008|307281009|307302001|307303006|307304000|307330001|307331002|307332009|307364002|307367009|307368004|307510004|307511000|307512007|307555006|307561009|307562002|307568003|307569006|307583008|307584002|307586000|307615003|307620003|307621004|307626009|307638000|307639008|307640005|307642002|307643007|307644001|307645000|307648003|307654002|307655001|307656000|307657009|307658004|307659007|307662005|307665007|307666008|307667004|307669001|307709007|30803004|30947006|310223003|310224009|310420002|310421003|31048008|31078004|310803009|310804003|31130001|31158009|312340001|312341002|312406002|312407006|312497000|31256001|312694003|314118002|314511002|314592008|314593003|314594009|31461001|314617008|314632001|314636003|314638002|31521004|315319006|315321001|315322008|315323003|315324009|315325005|315326006|315327002|315328007|31738002|31774006|3183007|32044008|32091001|32325005|328895009|32918006|329884007|330857008|33149006|331865000|33187003|33479006|3360004|33639009|33649007|34130000|34414001|35083003|35129004|35535008|355610001|3562008|357579002|358575006|35892001|359529008|359567006|359571009|359572002|359574001|359575000|359579006|359581008|359584000|359585004|359587007|359588002|359591002|359594005|359596007|359605007|359615001|359618004|359623004|359887003|359890009|359893006|359902008|359908007|359911008|360363002|360368006|360370002|360372005|360377004|361152000|361153005|36192008|363742001|364682008|36482008|36508007|3654008|366741003|367365007|367405008|367436000|367453007|367509004|36788006|36889006|36917004|37179000|37412006|37593003|37903002|3796003|38213000|38507005|386196007|386197003|386578009|386651004|386695005|386697002|386828002|386829005|387606008|387607004|387867004|38841005|38971003|39027008|39083009|39166002|395136002|395140006|395151006|395152004|39536003|395724000|39620006|39655008|397108006|397159007|397160002|397161003|397162005|39738004|3980006|398246005|398261006|398740003|399472007|40053007|400988008|401004|40234006|4044002|40543003|40667002|40801000|40875005|40902008|40995000|41200003|41214003|41276005|41330009|41436002|41457005|41536004|42246001|42268006|42301000|42332004|425904004|425964001|426150005|426344007|42645008|426738005|427029008|427158008|427980007|427997001|43075005|430798009|43082009|431836005|43196001|43232006|43256005|43344006|4336007|43519002|438338008|43868005|438836003|439008003|43907003|439171005|439712000|439878001|440032004|440033009|440070000|440118004|440549000|440581009|440715006|44076002|44119001|44192009|442338001|442805003|442806002|442912006|443480008|443665007|44378008|443906008|443908009|443909001|444165004|444593009|445831005|445884009|445934003|445935002|445938000|445971001|445975005|446222007|446223002|446228006|44642007|446472006|446652009|446733006|446734000|446740007|446746001|447166008|447281005|44751009|447517002|447787008|447936000|447946003|447978006|447982008|448013009|448050005|448053007|448125005|448143009|448156002|448190006|448352008|448369005|448474003|448596007|448653006|449396003|4520009|45220009|45228002|45274003|45314005|45464004|4558008|45584003|456004|45602008|45692002|45753003|45900003|45993005|46070005|46295004|46381000|46412002|46599009|46936007|47041005|47202004|47208000|47302001|47353000|474008|47696003|47705001|47789005|47934001|4811009|4829004|48371009|4862007|48630009|48783008|48835001|48855000|48859006|4891005|48920003|49209004|49245001|4930005|49440008|49674003|49795001|49826001|49942007|50012009|50774009|50824001|51233000|51346007|51396008|51452009|51582001|51684008|51977003|52667004|52917009|53003006|53087005|53133001|53150004|53266006|53442002|5415002|54153006|54154000|54164009|543008|54357003|54629001|54747001|54987000|55286008|55517006|55586007|55966001|56614001|5722009|57236003|5745003|57632009|58090001|5809008|58303000|58365005|58685000|5870006|58709004|59164006|59372001|59411003|59567009|59656001|59657005|59912004|60055006|60194009|60228007|60305009|60465006|60523002|60581003|60606003|60892005|60954008|61218006|61326000|61417004|61477008|61524001|61667000|6190006|62069000|62572002|62755007|62807001|63003009|63322005|63499008|63816008|6402000|64271007|64492005|64906005|65291007|65310005|65657001|65666002|65788008|65954005|65960005|66343001|66361005|66444008|66513002|66545007|66740000|66896000|6704000|67075000|67160005|67389003|67557008|6759001|67706006|67997001|68141001|68188002|68342003|68911004|68960009|69036001|6915004|69191006|69455007|69538006|70110002|70172002|70243005|70263003|70377003|70553005|70676003|71102008|71145001|71273005|71309007|71827004|7223004|72261007|72583007|72811008|72971003|73509004|73554003|73713008|73759005|73886004|73921006|73978003|73996007|74180003|74770008|7495004|75142005|75190003|75312003|75389003|75420000|75479001|75639003|75894009|75905004|76062007|76077004|76192001|76443003|764677008|76967003|77071005|77539008|77878003|77959002|78017003|7813002|78233008|78824001|78905003|78925004|79170004|79433000|79572004|79695004|80028005|80173001|80200006|80285004|80294005|80319003|80443001|80444007|80772001|81092009|81561002|81569000|81714000|8174004|81913003|82293009|82619000|82744000|82780000|82900007|82967007|83101004|8322005|8324006|83371007|83599002|83840007|83857006|83985009|84262009|84354004|84477003|84510006|84604002|84824001|84840003|84952009|85217002|85759000|85849005|85946004|86369000|86481000|86620009|86789002|87231001|87260005|87279008|87289007|87602008|87604009|87659008|87677003|8777004|87879002|88187000|88314007|88354009|88849006|88865007|88888008|8903007|8906004|8929007|89300004|89339008|89441008|89522007|89642006|89951000|90021002|90063003|90297001|90410003|90524002|90838004|90856004|9102008|9121000|91516004|91596000|91621005|91625001|91679005|9175006|9215005|9238008|9292007|9429009|9524002|9666005|9735005|9895003|9905009,
Hip Fracture Surgery,[VSAC] Hip Fracture Surgery,2.16.840.1.113883.3.117.1.7.1.258,ICD10PCS,Exclusion Criteria: No exclusions.,Clinical Focus: The purpose of this value set is to represent concepts for procedures of hip fracture surgery.; Data Element Scope: This value set may use a model element related to Procedure.; Inclusion Criteria: Includes concepts that represent a procedure for hip fracture surgery.,"Steward: The Joint Commission; OID: 2.16.840.1.113883.3.117.1.7.1.258; Code System(s): ICD10PCS,SNOMEDCT; Definition Type: Grouping; Definition Version: Latest; Accessed: 2022-01-19 15:02:03",0SQ90ZZ|0SQ9XZZ|0SQB0ZZ|0SQBXZZ,
Hip Fracture Surgery,[VSAC] Hip Fracture Surgery,2.16.840.1.113883.3.117.1.7.1.258,SNOMEDCT,Exclusion Criteria: No exclusions.,Clinical Focus: The purpose of this value set is to represent concepts for procedures of hip fracture surgery.; Data Element Scope: This value set may use a model element related to Procedure.; Inclusion Criteria: Includes concepts that represent a procedure for hip fracture surgery.,"Steward: The Joint Commission; OID: 2.16.840.1.113883.3.117.1.7.1.258; Code System(s): ICD10PCS,SNOMEDCT; Definition Type: Grouping; Definition Version: Latest; Accessed: 2022-01-19 15:02:03",16174006|239499008|239500004|265745003|32972004|44167006|47458005|61509005|73764009|83381006|87618002,
Hip Replacement Surgery,[VSAC] Hip Replacement Surgery,2.16.840.1.113883.3.117.1.7.1.259,ICD10PCS,Exclusion Criteria: No exclusions.,Clinical Focus: The purpose of this value set is to represent concepts of procedures for total hip replacement procedures.; Data Element Scope: This value set may use a model element related to Procedure.; Inclusion Criteria: Includes concepts that represent a procedure for a total hip replacement.,"Steward: The Joint Commission; OID: 2.16.840.1.113883.3.117.1.7.1.259; Code System(s): ICD10PCS,SNOMEDCT; Definition Type: Grouping; Definition Version: Latest; Accessed: 2022-01-19 15:02:03",0SP909Z|0SP90JZ|0SPA0JZ|0SPB09Z|0SPB0JZ|0SPE0JZ|0SPR0JZ|0SPS0JZ|0SR9019|0SR901A|0SR901Z|0SR9029|0SR902A|0SR902Z|0SR9039|0SR903A|0SR903Z|0SR9049|0SR904A|0SR904Z|0SR907Z|0SR90J9|0SR90JA|0SR90JZ|0SR90KZ|0SRA009|0SRA00A|0SRA00Z|0SRA019|0SRA01A|0SRA01Z|0SRA039|0SRA03A|0SRA03Z|0SRA07Z|0SRA0J9|0SRA0JA|0SRA0JZ|0SRA0KZ|0SRB019|0SRB01A|0SRB01Z|0SRB029|0SRB02A|0SRB02Z|0SRB039|0SRB03A|0SRB03Z|0SRB049|0SRB04A|0SRB04Z|0SRB07Z|0SRB0J9|0SRB0JA|0SRB0JZ|0SRB0KZ|0SRE009|0SRE00A|0SRE00Z|0SRE019|0SRE01A|0SRE01Z|0SRE039|0SRE03A|0SRE03Z|0SRE07Z|0SRE0J9|0SRE0JA|0SRE0JZ|0SRE0KZ|0SRR019|0SRR01A|0SRR01Z|0SRR039|0SRR03A|0SRR03Z|0SRR07Z|0SRR0J9|0SRR0JA|0SRR0JZ|0SRR0KZ|0SRS019|0SRS01A|0SRS01Z|0SRS039|0SRS03A|0SRS03Z|0SRS07Z|0SRS0J9|0SRS0JA|0SRS0JZ|0SRS0KZ|0SU907Z|0SU909Z|0SU90BZ|0SU90JZ|0SU90KZ|0SUA09Z|0SUA0BZ|0SUB07Z|0SUB09Z|0SUB0BZ|0SUB0JZ|0SUB0KZ|0SUE09Z|0SUE0BZ|0SUR09Z|0SUR0BZ|0SUS09Z|0SUS0BZ|0SW907Z|0SW909Z|0SW90JZ|0SW90KZ|0SWA0JZ|0SWB07Z|0SWB09Z|0SWB0JZ|0SWB0KZ|0SWE0JZ|0SWR0JZ|0SWS0JZ,
Hip Replacement Surgery,[VSAC] Hip Replacement Surgery,2.16.840.1.113883.3.117.1.7.1.259,SNOMEDCT,Exclusion Criteria: No exclusions.,Clinical Focus: The purpose of this value set is to represent concepts of procedures for total hip replacement procedures.; Data Element Scope: This value set may use a model element related to Procedure.; Inclusion Criteria: Includes concepts that represent a procedure for a total hip replacement.,"Steward: The Joint Commission; OID: 2.16.840.1.113883.3.117.1.7.1.259; Code System(s): ICD10PCS,SNOMEDCT; Definition Type: Grouping; Definition Version: Latest; Accessed: 2022-01-19 15:02:03",112727005|112728000|15036006|179294005|179295006|179304004|179305003|179306002|179326003|19954002|265157000|265158005|265160007|265161006|276178005|307814001|307815000|309853002|314489006|314491003|32581000|340922009|386649003|426618001|426904006|427728006|428622003|429156003|430688009|430694001|443435007|444051004|445185007|447947007|447992000|449039004|450813004|47596009|52734007|53081006|57589001|62402000|68491008|76116002|76915002|7989006,
Intracranial Neurosurgery,[VSAC] Intracranial Neurosurgery,2.16.840.1.113883.3.117.1.7.1.260,ICD10PCS,Exclusion Criteria: No exclusions.,Clinical Focus: The purpose of this value set is to represent concepts for procedures of intracranial neurosurgery.; Data Element Scope: This value set may use a model element related to Procedure.; Inclusion Criteria: Includes concepts that represent a procedure for intracranial neurosurgery.,"Steward: The Joint Commission; OID: 2.16.840.1.113883.3.117.1.7.1.260; Code System(s): ICD10PCS,SNOMEDCT; Definition Type: Grouping; Definition Version: Latest; Accessed: 2022-01-19 15:02:03",00500ZZ|00510ZZ|00520ZZ|00560ZZ|00570ZZ|00580ZZ|00590ZZ|005A0ZZ|005B0ZZ|005C0ZZ|005D0ZZ|00800ZZ|00870ZZ|00880ZZ|009000Z|00900ZZ|009100Z|00910ZZ|009200Z|00920ZZ|009300Z|00930ZZ|009400Z|00940ZZ|009500Z|00950ZZ|009600Z|00960ZZ|009700Z|00970ZZ|009800Z|00980ZZ|009900Z|00990ZZ|009A00Z|009A0ZZ|009B00Z|009B0ZZ|009C00Z|009C0ZZ|009D00Z|009D0ZZ|00B00ZZ|00B10ZZ|00B20ZZ|00B60ZZ|00B70ZZ|00B80ZZ|00B90ZZ|00BA0ZZ|00BB0ZZ|00BC0ZZ|00BD0ZZ|00C00ZZ|00C10ZZ|00C20ZZ|00C30ZZ|00C40ZZ|00C50ZZ|00C60ZZ|00C70ZZ|00C80ZZ|00C90ZZ|00CA0ZZ|00CB0ZZ|00CC0ZZ|00CD0ZZ|00D10ZZ|00D20ZZ|00H002Z|00H003Z|00H602Z|00H603Z|00J00ZZ|00N90ZZ|00NA0ZZ|00P000Z|00P002Z|00P003Z|00P007Z|00P00JZ|00P00KZ|00P600Z|00P602Z|00P603Z|00P6X2Z|00Q90ZZ|00QA0ZZ|00T70ZZ|00W000Z|00W002Z|00W003Z|00W007Z|00W00JZ|00W00KZ|00W00MZ|00W600Z|00W602Z|00W603Z|00W60MZ|0N9000Z|0N900ZZ|0N9100Z|0N910ZZ|0N9300Z|0N930ZZ|0N9400Z|0N940ZZ|0N9500Z|0N950ZZ|0N9600Z|0N960ZZ|0N9700Z|0N970ZZ|0W9100Z|0W910ZZ|0WC10ZZ|0WH10YZ|0WJ10ZZ|0WP100Z|0WP101Z|0WP10JZ|0WP10YZ|0WW100Z|0WW101Z|0WW103Z|0WW10JZ|0WW10YZ,
Intracranial Neurosurgery,[VSAC] Intracranial Neurosurgery,2.16.840.1.113883.3.117.1.7.1.260,SNOMEDCT,Exclusion Criteria: No exclusions.,Clinical Focus: The purpose of this value set is to represent concepts for procedures of intracranial neurosurgery.; Data Element Scope: This value set may use a model element related to Procedure.; Inclusion Criteria: Includes concepts that represent a procedure for intracranial neurosurgery.,"Steward: The Joint Commission; OID: 2.16.840.1.113883.3.117.1.7.1.260; Code System(s): ICD10PCS,SNOMEDCT; Definition Type: Grouping; Definition Version: Latest; Accessed: 2022-01-19 15:02:03",10458001|112929000|13431007|13433005|13666002|14247003|14554005|1583007|171442008|171443003|171446006|171447002|171448007|171449004|171450004|171451000|171455009|171471009|171472002|171473007|171474001|171479006|171495006|171540003|171554006|171692002|171693007|171694001|171695000|171696004|171697008|171698003|171722000|178373004|178375006|178376007|178391009|1868005|1995001|19994000|21205002|21551002|22480005|230810008|230811007|230814004|230837005|230838000|230839008|230840005|230841009|230859007|230886007|230888008|230890009|230893006|234064002|234915008|243570009|244238001|25353009|2552005|260643004|260644005|26096003|27181009|27190002|2737001|273991000|27968003|28264008|287205001|287208004|29063004|29114001|2968008|30195003|304848009|304849001|307299001|31746001|32606000|34097003|34719005|36910002|37380009|38512006|39667005|39704007|4045001|42699003|427037000|427599009|429314008|429510003|438369007|438614004|439493007|439499006|440062005|441832005|442616007|445746008|44589002|445926009|445942002|446103006|446115005|446209004|446210009|446440008|446570000|446571001|446683008|446705006|446816008|446848007|446850004|446865003|446868001|447107001|447115003|447156000|447362004|447363009|447469009|447518007|447529006|447594008|45322003|4570007|51991009|53423001|5384005|54872009|54891009|56143008|56959007|58337008|58515002|59696004|59712006|61327009|61965006|67402009|67864003|68346000|68731005|69086007|69788001|71722001|73006002|75626002|76961002|77697000|789003|79093007|79272003|80460006|807005|81259007|8155007|81849003|82443007|82678002|82917000|87060004|87192001|90287005|91652006|9257004|9372002|9580008|9888007,
Knee Replacement Surgery,[VSAC] Knee Replacement Surgery,2.16.840.1.113883.3.117.1.7.1.261,ICD10PCS,Exclusion Criteria: No exclusions.,Clinical Focus: The purpose of this value set is to represent concepts for the procedure of a total knee replacement.; Data Element Scope: This value set may use a model element related to Procedure.; Inclusion Criteria: Includes concepts that represent a procedure for total knee replacement.,"Steward: The Joint Commission; OID: 2.16.840.1.113883.3.117.1.7.1.261; Code System(s): ICD10PCS,SNOMEDCT; Definition Type: Grouping; Definition Version: Latest; Accessed: 2022-01-19 15:02:03",0QPD0JZ|0QPF0JZ|0QRD0JZ|0QRF0JZ|0QUD0JZ|0QUF0JZ|0SPC09Z|0SPC0JC|0SPC0JZ|0SPD09Z|0SPD0JC|0SPD0JZ|0SPT0JZ|0SPU0JZ|0SPV0JZ|0SPW0JZ|0SRC07Z|0SRC0J9|0SRC0JA|0SRC0JZ|0SRC0KZ|0SRC0L9|0SRC0LA|0SRC0LZ|0SRD07Z|0SRD0J9|0SRD0JA|0SRD0JZ|0SRD0KZ|0SRD0L9|0SRD0LA|0SRD0LZ|0SRT07Z|0SRT0J9|0SRT0JA|0SRT0JZ|0SRT0KZ|0SRU07Z|0SRU0J9|0SRU0JA|0SRU0JZ|0SRU0KZ|0SRV07Z|0SRV0J9|0SRV0JA|0SRV0JZ|0SRV0KZ|0SRW07Z|0SRW0J9|0SRW0JA|0SRW0JZ|0SRW0KZ|0SUC07Z|0SUC09C|0SUC09Z|0SUC0JZ|0SUC0KZ|0SUD07Z|0SUD09C|0SUD09Z|0SUD0JZ|0SUD0KZ|0SUT09Z|0SUU09Z|0SUV09Z|0SUW09Z|0SWC09Z|0SWC0JC|0SWC0JZ|0SWD09Z|0SWD0JC|0SWD0JZ|0SWT0JZ|0SWU0JZ|0SWV0JZ|0SWW0JZ,
Knee Replacement Surgery,[VSAC] Knee Replacement Surgery,2.16.840.1.113883.3.117.1.7.1.261,SNOMEDCT,Exclusion Criteria: No exclusions.,Clinical Focus: The purpose of this value set is to represent concepts for the procedure of a total knee replacement.; Data Element Scope: This value set may use a model element related to Procedure.; Inclusion Criteria: Includes concepts that represent a procedure for total knee replacement.,"Steward: The Joint Commission; OID: 2.16.840.1.113883.3.117.1.7.1.261; Code System(s): ICD10PCS,SNOMEDCT; Definition Type: Grouping; Definition Version: Latest; Accessed: 2022-01-19 15:02:03",179344006|179345007|179351002|179352009|179406003|179411001|179416006|265170009|265172001|27748003|29712008|443681002|443682009|445091006|609588000|88056004|90827004,
Acute Renal Failure,[VSAC] Acute Renal Failure,2.16.840.1.113762.1.4.1029.216,SNOMEDCT,Exclusion Criteria: Excludes concepts that identify chronic conditions.,Clinical Focus: The purpose of this value set is to identify diagnoses of acute renal failure.; Data Element Scope: This value set may use a model element related to diagnosis.; Inclusion Criteria: Includes concepts that identify a diagnosis of an acute renal failure.,Steward: The Joint Commission; OID: 2.16.840.1.113762.1.4.1029.216; Code System(s): SNOMEDCT; Definition Type: Extensional; Definition Version: Latest; Accessed: 2022-01-19 15:02:03,129721000119106|140031000119103|145681000119101|14669001|200118004|236428007|236429004|236432001|307309005|36225005|423533009|429224003|429489008|430535006|722095005|722096006|722278006,
Acute Renal Failure,[VSAC] Acute Renal Failure,2.16.840.1.113762.1.4.1110.53,ICD10CM,Exclusion Criteria: Excludes concepts that identify chronic conditions.,Clinical Focus: The purpose of this value set is to identify diagnoses of acute renal failure.; Data Element Scope: This value set may use a model element related to diagnosis.; Inclusion Criteria: Includes concepts that identify a diagnosis of an acute renal failure.,Steward: The Joint Commission; OID: 2.16.840.1.113762.1.4.1110.53; Code System(s): ICD10CM; Definition Type: Extensional; Definition Version: Latest; Accessed: 2022-01-19 15:02:03,N17.0|N17.1|N17.2|N17.8|N17.9|O90.4,
Disseminated Intravascular Coagulation,[VSAC] Disseminated Intravascular Coagulation,2.16.840.1.113762.1.4.1029.223,ICD10CM,Exclusion Criteria: No exclusions.,Clinical Focus: The purpose of this value set is to identify diagnoses of disseminated intravascular coagulation (DIC).; Data Element Scope: This value set may use a model element related to diagnosis.; Inclusion Criteria: Includes concepts that identify a diagnosis of disseminated intravascular coagulation (DIC).,Steward: The Joint Commission; OID: 2.16.840.1.113762.1.4.1029.223; Code System(s): ICD10CM; Definition Type: Extensional; Definition Version: Latest; Accessed: 2022-01-19 15:02:03,D65|D68.8|D68.9|O72.3,
Disseminated Intravascular Coagulation,[VSAC] Disseminated Intravascular Coagulation,2.16.840.1.113762.1.4.1029.224,SNOMEDCT,Exclusion Criteria: No exclusions.,Clinical Focus: The purpose of this value set is to identify diagnoses of disseminated intravascular coagulation (DIC).; Data Element Scope: This value set may use a model element related to diagnosis.; Inclusion Criteria: Includes concepts that identify a diagnosis of disseminated intravascular coagulation (DIC).,Steward: The Joint Commission; OID: 2.16.840.1.113762.1.4.1029.224; Code System(s): SNOMEDCT; Definition Type: Extensional; Definition Version: Latest; Accessed: 2022-01-19 15:02:03,39191000119103|67406007,
Acute Respiratory Distress Syndrome,[VSAC] Acute Respiratory Distress Syndrome,2.16.840.1.113762.1.4.1029.214,ICD10CM,Exclusion Criteria: Excludes concepts that identify chronic conditions.,Clinical Focus: The purpose of this value set is to identify diagnoses of acute respiratory distress syndrome.; Data Element Scope: This value set may use a model element related to diagnosis.; Inclusion Criteria: Includes concepts that identify a diagnosis of an acute respiratory distress syndrome.,Steward: The Joint Commission; OID: 2.16.840.1.113762.1.4.1029.214; Code System(s): ICD10CM; Definition Type: Extensional; Definition Version: Latest; Accessed: 2022-01-19 15:02:03,J80|J95.1|J95.2|J95.3|J95.821|J95.822|J96.00|J96.01|J96.02|J96.20|J96.21|J96.22|R09.2,
Acute Respiratory Distress Syndrome,[VSAC] Acute Respiratory Distress Syndrome,2.16.840.1.113762.1.4.1029.215,SNOMEDCT,Exclusion Criteria: Excludes concepts that identify chronic conditions.,Clinical Focus: The purpose of this value set is to identify diagnoses of acute respiratory distress syndrome.; Data Element Scope: This value set may use a model element related to diagnosis.; Inclusion Criteria: Includes concepts that identify a diagnosis of an acute respiratory distress syndrome.,Steward: The Joint Commission; OID: 2.16.840.1.113762.1.4.1029.215; Code System(s): SNOMEDCT; Definition Type: Extensional; Definition Version: Latest; Accessed: 2022-01-19 15:02:03,271825005|373895009|87317003,
Acute Heart Failure,[VSAC] Acute Heart Failure,2.16.840.1.113762.1.4.1029.233,ICD10CM,Exclusion Criteria: Excludes concepts that identify chronic conditions.,Clinical Focus: The purpose of this value set is to identify diagnoses of acute heart failure.; Data Element Scope: This value set may use a model element related to diagnosis.; Inclusion Criteria: Includes concepts that identify a diagnosis of acute heart failure.,Steward: The Joint Commission; OID: 2.16.840.1.113762.1.4.1029.233; Code System(s): ICD10CM; Definition Type: Extensional; Definition Version: Latest; Accessed: 2022-01-19 15:02:03,I50.1|I50.20|I50.21|I50.23|I50.30|I50.31|I50.33|I50.40|I50.41|I50.43|I50.9,
Acute Heart Failure,[VSAC] Acute Heart Failure,2.16.840.1.113762.1.4.1029.234,SNOMEDCT,Exclusion Criteria: Excludes concepts that identify chronic conditions.,Clinical Focus: The purpose of this value set is to identify diagnoses of acute heart failure.; Data Element Scope: This value set may use a model element related to diagnosis.; Inclusion Criteria: Includes concepts that identify a diagnosis of an acute heart failure.,Steward: The Joint Commission; OID: 2.16.840.1.113762.1.4.1029.234; Code System(s): SNOMEDCT; Definition Type: Extensional; Definition Version: Latest; Accessed: 2022-01-19 15:02:03,10633002|153951000119103|360371003|364006|443254009|443343001|56675007|7421000175106|74960003|80479009,
Air and Thrombotic Embolism,[VSAC] Air and Thrombotic Embolism,2.16.840.1.113762.1.4.1029.243,ICD10CM,Exclusion Criteria: Excludes concepts that identify chronic conditions.,Clinical Focus: The purpose of this value set is to identify diagnoses of air and thrombotic embolisms.; Data Element Scope: This value set may use a model element related to diagnosis.; Inclusion Criteria: Includes concepts that identify a diagnosis of an air and thrombotic embolism.,Steward: The Joint Commission; OID: 2.16.840.1.113762.1.4.1029.243; Code System(s): ICD10CM; Definition Type: Extensional; Definition Version: Latest; Accessed: 2022-01-19 15:02:03,I26.01|I26.02|I26.09|I26.90|I26.92|I26.99|O88.011|O88.012|O88.013|O88.019|O88.02|O88.03|O88.211|O88.212|O88.213|O88.219|O88.22|O88.23|O88.311|O88.312|O88.313|O88.319|O88.32|O88.33|O88.811|O88.812|O88.813|O88.819|O88.82|O88.83,
Air and Thrombotic Embolism,[VSAC] Air and Thrombotic Embolism,2.16.840.1.113762.1.4.1029.244,SNOMEDCT,Exclusion Criteria: Excludes concepts that identify chronic conditions.,Clinical Focus: The purpose of this value set is to identify diagnoses of air and thrombotic embolisms.; Data Element Scope: This value set may use a model element related to diagnosis.; Inclusion Criteria: Includes concepts that identify a diagnosis of an air and thrombotic embolism.,Steward: The Joint Commission; OID: 2.16.840.1.113762.1.4.1029.244; Code System(s): SNOMEDCT; Definition Type: Extensional; Definition Version: Latest; Accessed: 2022-01-19 15:02:03,1001000119102|10754331000119108|10759311000119104|10760081000119108|10760131000119108|10835781000119105|15400003|17263003|194883006|195317001|200284000|200286003|200288002|200290001|200291002|200294005|200296007|200297003|200299000|200301007|200303005|200304004|200308001|200310004|200311000|212372004|213304008|213305009|213306005|213309003|2261009|230220006|233935004|233936003|233937007|233938002|233939005|233972005|233975007|237342006|23819000|242001005|266263009|267284008|269451001|271376002|274101000|276500007|280964006|297138001|304090004|371039008|371041009|413758000|414086009|429098002|439162001|441557008|444549009|444816006|50817002|51677000|56238008|56384000|59282003|60989005|702385003|703636009|70629007|706870000|707414004|713078005|73990001|74315008|75543006|80758005,
Autoimmune Disease,[VSAC] Autoimmune Disease,2.16.840.1.113762.1.4.1029.309,ICD10CM,Exclusion Criteria: No exclusions.,Clinical Focus: The purpose of this value set is to identify diagnoses of autoimmune disease.; Data Element Scope: This value set may use a model element related to diagnosis.; Inclusion Criteria: Includes concepts that identify a diagnosis of an autoimmune disease.,Steward: The Joint Commission; OID: 2.16.840.1.113762.1.4.1029.309; Code System(s): ICD10CM; Definition Type: Extensional; Definition Version: Latest; Accessed: 2022-01-19 15:02:03,M30.0|M30.1|M30.2|M30.3|M30.8|M31.0|M31.1|M31.2|M31.30|M31.31|M31.4|M31.5|M31.6|M31.7|M31.8|M31.9|M32.0|M32.10|M32.11|M32.12|M32.13|M32.14|M32.15|M32.19|M32.8|M32.9|M33.00|M33.01|M33.02|M33.03|M33.09|M33.10|M33.11|M33.12|M33.13|M33.19|M33.20|M33.21|M33.22|M33.29|M33.90|M33.91|M33.92|M33.93|M33.99|M34.0|M34.1|M34.2|M34.81|M34.82|M34.83|M34.89|M34.9|M35.00|M35.01|M35.02|M35.03|M35.04|M35.09|M35.1|M35.2|M35.3|M35.4|M35.5|M35.6|M35.7|M35.8|M35.9|M36.0|M36.1|M36.2|M36.3|M36.4|M36.8,
Autoimmune Disease,[VSAC] Autoimmune Disease,2.16.840.1.113762.1.4.1029.310,SNOMEDCT,Exclusion Criteria: No exclusions.,Clinical Focus: The purpose of this value set is to identify diagnoses of autoimmune disease.; Data Element Scope: This value set may use a model element related to diagnosis.; Inclusion Criteria: Includes concepts that identify a diagnosis of an autoimmune disease.,Steward: The Joint Commission; OID: 2.16.840.1.113762.1.4.1029.310; Code System(s): SNOMEDCT; Definition Type: Extensional; Definition Version: Latest; Accessed: 2022-01-19 15:02:03,10743271000119103|109250009|11013005|111196000|123777002|126766000|128460000|128461001|15084002|182961000119101|191306005|193497004|196133001|196137000|196138005|200907003|200936003|200937007|200938002|200939005|200940007|200941006|200942004|201436003|201443009|201764007|201766009|201767000|201768005|201769002|201770001|201771002|201772009|201773004|201774005|201775006|201776007|201777003|201778008|201779000|201780002|201781003|201783000|201784006|201785007|201791009|22888007|230734005|235728001|236502006|236503001|237652003|238926009|238927000|238928005|238930007|238937005|238938000|238939008|238940005|238942002|238943007|239791005|239792003|239886003|239887007|239888002|239889005|239890001|239891002|239892009|239894005|239895006|239897003|239912009|239915006|239943002|239946005|267800008|26843008|2701000124105|287006005|287007001|287008006|28880005|292991000119106|295101000119105|295111000119108|295121000119101|298285004|299276009|308143008|309762007|314757003|31848007|34250006|35154004|361212009|362992004|36402006|36739006|397856003|398049005|398640008|399923009|400054000|402433007|402435000|402436004|402437008|402438003|402439006|402440008|402441007|402442000|402444004|402445003|402446002|402712002|402717008|402718003|402856005|402865003|403486000|403487009|403488004|403489007|403490003|403491004|403492006|403493001|403494007|403495008|403496009|403497000|403498005|403499002|403500006|403501005|403502003|403513000|403629000|403630005|403631009|403633007|414061000|427213005|427770001|429192004|432451000124103|441079006|443872005|443899007|444133002|445187004|446682003|448542008|452281000124106|46459009|4676006|49420001|52042003|52661003|54072008|54912002|55464009|56989000|57160007|608874000|609329007|61458006|62382002|65172003|68815009|698694005|69896004|700269001|700334001|702575003|707301001|707443007|707986004|711164003|711526005|7119001|713225000|715840006|715863001|718175009|718471008|721093000|721196005|72161000119100|722872000|722991004|723004005|723022008|72986009|73286009|76092003|76521009|77090002|77753005|78946008|79291003|79468000|80258006|81285006|82275008|83901003|83942000|85828009|86081009|86142006|86219005|89155008|89681000119101|91623008|95329006|95330001|95332009|95643007|95644001,
Eclampsia,[VSAC] Eclampsia,2.16.840.1.113762.1.4.1029.225,ICD10CM,Exclusion Criteria: No exclusions.,Clinical Focus: The purpose of this value set is to identify diagnoses of eclampsia.; Data Element Scope: This value set may use a model element related to diagnosis.; Inclusion Criteria: Includes concepts that identify a diagnosis of an eclampsia.,Steward: The Joint Commission; OID: 2.16.840.1.113762.1.4.1029.225; Code System(s): ICD10CM; Definition Type: Extensional; Definition Version: Latest; Accessed: 2022-01-19 15:02:03,O15.00|O15.02|O15.03|O15.1|O15.2|O15.9,
Eclampsia,[VSAC] Eclampsia,2.16.840.1.113762.1.4.1029.226,SNOMEDCT,Exclusion Criteria: No exclusions.,Clinical Focus: The purpose of this value set is to identify diagnoses of eclampsia.; Data Element Scope: This value set may use a model element related to diagnosis.; Inclusion Criteria: Includes concepts that identify a diagnosis of an eclampsia.,Steward: The Joint Commission; OID: 2.16.840.1.113762.1.4.1029.226; Code System(s): SNOMEDCT; Definition Type: Extensional; Definition Version: Latest; Accessed: 2022-01-19 15:02:03,10752641000119102|15938005|198990007|198991006|198992004|198993009|237283007|303063000|69909000,
